Mol_acc,SMILES_acc,Mol_don,SMILES_don,HOMO_acc,LUMO_acc,HOMO_don,LUMO_acc,Eg_acc,Eg_don,Voc,Jsc,FF,PCE,DOI,,,,,,,,,,
S9TBO-F,CCCCCCCCCc3c(C=c2c(=O)c1cc(F)c(F)cc1c2=C(C#N)C#N)sc%11c3sc%12c%10c4n[se]nc4c9c8sc7c(CCCCCCCCC)c(C=c6c(=O)c5cc(F)c(F)cc5c6=C(C#N)C#N)sc7c8n(CC(CCCC)CCCCCC)c9c%10n(CC(CCCC)CCCCCC)c%11%12,D18,CCCCCCC(CC1=CSC(C2=CC3=C(C4=C(C5=NSN=C53)C=C(S4)C6=CC(CC(CCCCCC)CCCC)=C(S6)C7=CC8=C(C9=C(C(C%10=CC(F)=C(N%10)CC(CCCC)CC)=C8S7)C=CS9)C%11=CC(F)=C(S%11)CC(CCCC)CC)S2)=C1)CCCC,,,,,,,"0,838","28,190","0,749",17.71,10.1002/adma.202202089,,,,,,,,,,
BS3TSe-4F,CCCCCCCCCc3c(C=c2c(=O)c1cc(F)c(F)cc1c2=C(C#N)C#N)sc%11c3sc%12c%10c4n[se]nc4c9c8sc7c(CCCCCCCCC)c(C=c6c(=O)c5cc(F)c(F)cc5c6=C(C#N)C#N)[se]c7c8n(CC(CCCC)CCCCCC)c9c%10n(CC(CCCC)CCCCCC)c%11%12,D18,CCCCCCC(CC1=CSC(C2=CC3=C(C4=C(C5=NSN=C53)C=C(S4)C6=CC(CC(CCCCCC)CCCC)=C(S6)C7=CC8=C(C9=C(C(C%10=CC(F)=C(N%10)CC(CCCC)CC)=C8S7)C=CS9)C%11=CC(F)=C(S%11)CC(CCCC)CC)S2)=C1)CCCC,,,,,,,"0,828","29,400","0,759",18.48,10.1002/adma.202202089,,,,,,,,,,
Y-BO-FCl,CCCCCCC(CCCC)CN7c3c(sc4c([C11])c(C=c2c(=O)c1cc(Br)c(F)cc1c2=C([CN])[CN])sc34)C6c5nsnc5c8c(C67)n(CC(CCCC)CCCCCC)c%12c8sc%11c([C11])c(C(C)C/%10C(=O)c9cc(Br)c(F)cc9C%10=C([CN])\[CN])sc%11%12,PM6,FC1=C(CC(CCCC)CC)SC(C2=C(C=C(C3=CC=C(C4=C5C(C(C6=C(CC(CC)CCCC)SC(CC(CCCC)CC)=C6C5=O)=O)=C(C7=CC=C([H])S7)S4)S3)S8)C8=C(C9=CC(F)=C(CC(CCCC)CC)S9)C%10=C2SC([H])=C%10)=C1,,,,,,,"0,85","23,450","0,779","18,5",10.1039/d1ee01832a,,,,,,,,,,
Y-Bo-FBr,CCCCCCC(CCCC)Cn%12c4c3sc(C=c2c(=O)c1cc(Br)c(F)cc1c2=C(C#N)C#N)c([C11])c3sc4c%11c5nsnc5c%10c9sc8c([C11])c(C=c7c(=O)c6cc(Br)c(F)cc6c7=C(C#N)C#N)sc8c9n(CC(CCCC)CCCCCC)c%10c%11%12,PM6,FC1=C(CC(CCCC)CC)SC(C2=C(C=C(C3=CC=C(C4=C5C(C(C6=C(CC(CC)CCCC)SC(CC(CCCC)CC)=C6C5=O)=O)=C(C7=CC=C([H])S7)S4)S3)S8)C8=C(C9=CC(F)=C(CC(CCCC)CC)S9)C%10=C2SC([H])=C%10)=C1,,,,,,,"0,85","25,830","0,750","18,5",10.1039/d1ee01832a,,,,,,,,,,
PY-V-y,CC(C)(C)/C=C/c%12ccc%11c(=C(C#N)C#N)c(=Cc%10sc8c(sc9c7c1nsnc1c6c5sc4c([C11])c(C=c3c(=O)c2cc(C(C)(C)C)ccc2c3=C(C#N)C#N)sc4c5n(CC([C8])[C10])c6c7n(CC([C8])[C10])c89)c%10[C11])c(=O)c%11c%12,PM6,FC1=C(CC(CCCC)CC)SC(C2=C(C=C(C3=CC=C(C4=C5C(C(C6=C(CC(CC)CCCC)SC(CC(CCCC)CC)=C6C5=O)=O)=C(C7=CC=C([H])S7)S4)S3)S8)C8=C(C9=CC(F)=C(CC(CCCC)CC)S9)C%10=C2SC([H])=C%10)=C1,,,,,,,"0,912","24,800","0,758",17.1,10.1002/adma.202200361,,,,,,,,,,
PY-2T-y,CC(C)(C)c%14ccc%13c(=C(C#N)C#N)c(=Cc%12sc%10c(sc%11c9c1nsnc1c8c7sc6c([C11])c(C=c5c(=O)c4cc(c3ccc(c2ccc(C(C)(C)C)s2)s3)ccc4c5=C(C#N)C#N)sc6c7n(CC([C8])[C10])c8c9n(CC([C8])[C10])c%10%11)c%12[C11])c(=O)c%13c%14,PM6,FC1=C(CC(CCCC)CC)SC(C2=C(C=C(C3=CC=C(C4=C5C(C(C6=C(CC(CC)CCCC)SC(CC(CCCC)CC)=C6C5=O)=O)=C(C7=CC=C([H])S7)S4)S3)S8)C8=C(C9=CC(F)=C(CC(CCCC)CC)S9)C%10=C2SC([H])=C%10)=C1,,,,,,,"0,933","23,500","0,699",15.3,10.1002/adma.202200361,,,,,,,,,,
Y18-1F,CCCCCCCCc3c(C=c2c(=O)c1cc*(F)ccc1c2=C(C#N)C#N)sc%11c3sc%12c%10c4nn(CC(CCC)CCCCC)nc4c9c8sc7cc(C=c6c(=O)c5cc*(F)ccc5c6=C(C#N)C#N)sc7c8n(CC(CC)CCCCC)c9c%10n(CC(CC)CCCCC)c%11%12,PBDTT1Cl,CCCCC(CC)Cc%12ccc(c%10c2cc(c1sc(C(C)(C)C)cc1Cl)sc2c(c3ccc(CC(CCC)CCCC)s3)c%11cc(c9sc(c8cc7c(c4ccc(CC(CC)CCCC)s4)c5sc(C(C)(C)C)cc5c(c6ccc(CC(CC)CCCC)s6)c7s8)cc9Cl)sc%10%11)s%12,,,,,,,"0,870","27,700","0,713","18,21",10.1002/adma.20215483,,,,,,,,,,
BTP-T-3Cl,CCCCCCC(CCCC)Cn%13c4c3sc(C=c2c(=O)c1cc(Cl)c(Cl)cc1c2=C(C#N)C#N)c([C11])c3sc4c%12c5nsnc5c%11c%10sc9c([C11])c(C=c8c(=O)c7cc6sc(Cl)cc6cc7c8=C(C#N)C#N)sc9c%10n(CC(CCCC)CCCCCC)c%11c%12%13,PM6,FC1=C(CC(CCCC)CC)SC(C2=C(C=C(C3=CC=C(C4=C5C(C(C6=C(CC(CC)CCCC)SC(CC(CCCC)CC)=C6C5=O)=O)=C(C7=CC=C([H])S7)S4)S3)S8)C8=C(C9=CC(F)=C(CC(CCCC)CC)S9)C%10=C2SC([H])=C%10)=C1,,,,,,,"0,893","26,020","0,757",17.61,10.1002/adfm.202108614,,,,,,,,,,
BTP-T-2Cl,CCCCCCC(CCCC)Cn%14c5c4sc(C=c3c(=O)c2cc1sc(Cl)cc1cc2c3=C(C#N)C#N)c([C11])c4sc5c%13c6nsnc6c%12c%11sc%10c([C11])c(C=c9c(=O)c8cc7sc(Cl)cc7cc8c9=C(C#N)C#N)sc%10c%11n(CC(CCCC)CCCCCC)c%12c%13%14,PBDB-T,[H]C1=CC2=C(S1)C(C3=CC=C(CC(CC)CCCC)S3)=C4C(SC(C5=CC=C(C6=C7C(C(C8=C(CC(CC)CCCC)SC(CC(CC)CCCC)=C8C7=O)=O)=C(C9=CC=C([H])S9)S6)S5)=C4)=C2C%10=CC=C(CC(CC)CCCC)S%10,,,,,,,"0,863","25,630","0,693","17,7",10.1002/adfm.202108614,,,,,,,,,,
Y6,CCCCCCCCCCCC1=C(SC2=C1SC1=C2N(CC(CC)CCCC)C2=C1C1=NSN=C1C1=C2N(CC(CC)CCCC)C2=C1SC1=C2SC(C=C2C(=O)C3=CC(F)=C(F)C=C3C2=C(C#N)C#N)=C1CCCCCCCCCCC)C=C1C(=O)C2=CC(F)=C(F)C=C2C1=C(C#N)C#N,P5TCN-2F,CCCCCCCCCCC(CCCCCCCC)CCc3cc(c2sc(c1cc(CC(CCCCCCCC)CCCCCCCCCC)c([]n]C)s1)cc2C#N)sc3c5cc(F)c(c4sc([[]C)cc4F)s5,,,,,,,"0,850","25,070","0,750",16.1,10.1002/adfm.202201142,,,,,,,,,,
Y6-BO,CCCCCCCCCCCc3c(C=c2c(=O)c1cc(F)c(F)cc1c2=C(C#N)C#N)sc%11c3sc%12c%10c4nsnc4c9c8sc7c(CCCCCCCCCCC)c(C=c6c(=O)c5cc(F)c(F)cc5c6=C(C#N)C#N)sc7c8n(CC(CCCC)CCCCCC)c9c%10n(CC(CCCC)CCCCCC)c%11%12,P5TCN-2F,CCCCCCCCCCC(CCCCCCCC)CCc3cc(c2sc(c1cc(CC(CCCCCCCC)CCCCCCCCCC)c([]n]C)s1)cc2C#N)sc3c5cc(F)c(c4sc([[]C)cc4F)s5,,,,,,,"0,870","24,020","0,754",15.8,10.1002/adfm.202201142,,,,,,,,,,
L8-BO,CCc1sc(-c2c3cc(-c4ccc(-c5sc(-c6ccc(-c7cc8c(-c9cc(F)c(CC)s9)c9sc(-c%10ccc(-c%11sc(-c%12ccc(-c%13cc%14c(-c%15cc(F)c(CC)s%15)c%15sc(-c%16ccc(-c%17sc(-c%18cccs%18)c%18c%17C(=O)c%17c(CC)sc(CC)c%17C%18=O)s%16)cc%15c(-c%15cc(F)c(CC)s%15)c%14s%13)s%12)c%12c%11C(=O)c%11c(CC)sc(CC)c%11C%12=O)s%10)cc9c(-c9cc(F)c(CC)s9)c8s7)s6)c6c5C(=O)c5c(CC)sc(CC)c5C6=O)s4)sc3c(-c3cc(F)c(CC)s3)c3ccsc23)cc1F,D18,CCCCCCC(CC1=CSC(C2=CC3=C(C4=C(C5=NSN=C53)C=C(S4)C6=CC(CC(CCCCCC)CCCC)=C(S6)C7=CC8=C(C9=C(C(C%10=CC(F)=C(N%10)CC(CCCC)CC)=C8S7)C=CS9)C%11=CC(F)=C(S%11)CC(CCCC)CC)S2)=C1)CCCC,,,,,,,"0,900","24,550","0,758","17,46",10.1016/j.nanoen.2022.17538,,,,,,,,,,
CH4,C,PM6,FC1=C(CC(CCCC)CC)SC(C2=C(C=C(C3=CC=C(C4=C5C(C(C6=C(CC(CC)CCCC)SC(CC(CCCC)CC)=C6C5=O)=O)=C(C7=CC=C([H])S7)S4)S3)S8)C8=C(C9=CC(F)=C(CC(CCCC)CC)S9)C%10=C2SC([H])=C%10)=C1,,,,,,,"0,888","26,110","0,711","17,45",10.1002/anie.202209580,,,,,,,,,,
N3,CCc1csc(-c2cc3c4nsnc4c4cc(-c5cc(CC)c(-c6cc7c(-c8cc(F)c(CC)s8)c8sc(-c9sc(-c%10cc%11c%12nsnc%12c%12cc(-c%13cc(CC)c(-c%14cc%15c(-c%16cc(F)c(CC)s%16)c%16sc(-c%17sc(-c%18cc%19c%20nsnc%20c%20cc(-c%21cc(CC)c(-c%22cc%23c(-c%24cc(F)c(CC)s%24)c%24sccc%24c(-c%24cc(F)c(CC)s%24)c%23s%22)s%21)sc%20c%19s%18)cc%17CC)cc%16c(-c%16cc(F)c(CC)s%16)c%15s%14)s%13)sc%12c%11s%10)cc9CC)cc8c(-c8cc(F)c(CC)s8)c7s6)s5)sc4c3s2)c1,L2,CCCCCCC(CCCC)Cc5cc(c4cc3c(=O)oc2cc(c1cc(CC(CCCC)CCCCCC)c(C(C)(C)C)s1)sc2c3s4)sc5c%10cc9c(c6cc(F)c(CC(CC)CCCC)s6)c7sc(C(C)(C)C)cc7c(c8cc(F)c(CC(CC)CCCC)s8)c9s%10,,,,,,,"0,870","24,990","0,768",16.69,10.1039/d1ta10233h,,,,,,,,,,
m-THE,CCCCCCCC(CCCC)Cn%14c5c4sc(C=c2c(=O)c1cc(F)c(F)cc1c2=C(C#N)C#N)c(c3cc(CC(CC)CCCC)cs3)c4sc5c%13c6nsnc6c%12c%11sc%10c(c7cc(CC(CC)CCCCC)cs7)c(C=c9c(=O)c8cc(F)c(F)cc8c9=C(C#N)C#N)sc%10c%11n(CC(CCCCC)CCCCCC)c%12c%13%14.C,PBQ6,CCCCC(CC1=C(C=C(S1)C2=NC3=C(C(F)=C(C(C4=CC=CS4)=C3N=C2C5=CC(F)=C(S5)CC(CCC)CC)F)C6=CC=C(S6)C7=CC8=C(C(C9=CC(F)=C(S9)CC(CCCC)CC)=C%10C=CSC%10=C8C%11=CC(F)=C(S%11)CC(CCCC)CC)S7)F)CC,,,,,,,"0,88","26,610","0,790",18.51,10.1039/d2ee00430e,,,,,,,,,,
YCF3,CCCCCCCCCCCc3c(C=c2c(=O)c1cc(F)c(F)cc1c2=C(C#N)C#N)sc%11c3sc%12c%10c4nn(CCCC(F)(F)F)nc4c9c8sc7c(CCCCCCCCCCC)c(C=c6c(=O)c5cc(F)c(F)cc5c6=C(C#N)C#N)sc7c8n(CC(CC)CCCC)c9c%10n(CC(CC)CCCC)c%11%12,PM6,FC1=C(CC(CCCC)CC)SC(C2=C(C=C(C3=CC=C(C4=C5C(C(C6=C(CC(CC)CCCC)SC(CC(CCCC)CC)=C6C5=O)=O)=C(C7=CC=C([H])S7)S4)S3)S8)C8=C(C9=CC(F)=C(CC(CCCC)CC)S9)C%10=C2SC([H])=C%10)=C1,,,,,,,"0,861","27,560","0,768",18.21,10.1021/acsenergylett.2c02140,,,,,,,,,,
YCH3,CCCCCCCCCCCc3c(C=c2c(=O)c1cc(F)c(F)cc1c2=C(C#N)C#N)sc%11c3sc%12c%10c4nn(CCCC)nc4c9c8sc7c(CCCCCCCCCCC)c(C=c6c(=O)c5cc(F)c(F)cc5c6=C(C#N)C#N)sc7c8n(CC(CC)CCCC)c9c%10n(CC(CC)CCCC)c%11%12,PM6,FC1=C(CC(CCCC)CC)SC(C2=C(C=C(C3=CC=C(C4=C5C(C(C6=C(CC(CC)CCCC)SC(CC(CCCC)CC)=C6C5=O)=O)=C(C7=CC=C([H])S7)S4)S3)S8)C8=C(C9=CC(F)=C(CC(CCCC)CC)S9)C%10=C2SC([H])=C%10)=C1,,,,,,,"0,872","25,450","0,700",15.53,10.1021/acsenergylett.2c02140,,,,,,,,,,
Y6-1OBO,CC=c2c(=O)c1cc(F)c(F)cc1c2=C(C#N)C#N.CCCCCCC(CCCC)COc1csc9c1sc%10c8c2nsnc2c7c6sc5c(CC(CCCC)CCCCCC)c(C=c4c(=O)c3cc(F)c(F)cc3c4=C(C#N)C#N)sc5c6cc(CC(CC)CCCC)c7c8n(CC(CC)CCCC)c9%10,PM6,FC1=C(CC(CCCC)CC)SC(C2=C(C=C(C3=CC=C(C4=C5C(C(C6=C(CC(CC)CCCC)SC(CC(CCCC)CC)=C6C5=O)=O)=C(C7=CC=C([H])S7)S4)S3)S8)C8=C(C9=CC(F)=C(CC(CCCC)CC)S9)C%10=C2SC([H])=C%10)=C1,,,,,,,"0,93","25,130","0,771",18.02,10.1021/acs.chemmater.2c02851,,,,,,,,,,
QX-THF,CCCCCCCCCc3c(C=c2c(=O)c1cc(Cl)c(Cl)cc1c2=C(C#N)C#N)sc(C)c3SC.CCCCCCCCCc3c(C=c2c(=O)c1cc(Cl)c(Cl)cc1c2=C(C#N)C#N)sc%10c3sc9c7c(c4c(ccn4CC(CCC)CCCCCC)C8/N=C(c5cc(F)c(CC(CC)CCCC)s5)\C(c6cc(F)c(CC(CC)CCCC)s6)=N/C78)n(CC(CCCC)CCCCCC)c9%10,PM6,FC1=C(CC(CCCC)CC)SC(C2=C(C=C(C3=CC=C(C4=C5C(C(C6=C(CC(CC)CCCC)SC(CC(CCCC)CC)=C6C5=O)=O)=C(C7=CC=C([H])S7)S4)S3)S8)C8=C(C9=CC(F)=C(CC(CCCC)CC)S9)C%10=C2SC([H])=C%10)=C1,,,,,,,"0,902","24,490","0,789",17.45,10.1021/acsenergylett.2c01589,,,,,,,,,,
BPT-4F,CCn1c2c3sc(/C=C4\C(=O)c5cc(F)c(F)cc5C4=C(C#N)C#N)cc3sc2c2c3nsnc3c3c4sc5cc(/C=C6\C(=O)c7cc(F)c(F)cc7C6=C(C#N)C#N)sc5c4n(CC)c3c21,SZ5,CCn1c2c3sc(/C=C4\C(=O)c5cc(F)c(F)cc5C4=C(C#N)C#N)cc3sc2c2c3nsnc3c3c4sc5cc(/C=C6\C(=O)c7cc(F)c(F)cc7C6=C(C#N)C#N)sc5c4n(CC)c3c21,,,,,,,0.853,24.8,"0,791","16,81",,,,,,,,,,,
eC9-2Cl,CCc1c(/C=C2\C(=O)c3ccc(Cl)cc3C2=C(C#N)C#N)sc2c1sc1c3c4nsnc4c4c5sc6c(CC)c(/C=C7\C(=O)c8ccc(Cl)cc8C7=C(C#N)C#N)sc6c5n(CC)c4c3n(CC)c21,PBQx-TF,CCc1csc(-c2cc3c(s2)-c2sc(-c4cc(CC)c(-c5cc6c(-c7cc(F)c(CC)s7)c7sc(-c8sc(-c9cc%10c(s9)-c9sc(-c%11cc(CC)c(-c%12cc%13c(-c%14cc(F)c(CC)s%14)c%14sc(-c%15sc(-c%16cc%17c(s%16)-c%16sc(-c%18cc(CC)c(-c%19cc%20c(-c%21cc(F)c(CC)s%21)c%21sccc%21c(-c%21cc(F)c(CC)s%21)c%20s%19)s%18)cc%16[C@H]%16N=CC=N[C@H]%17%16)cc%15CC)cc%14c(-c%14cc(F)c(CC)s%14)c%13s%12)s%11)cc9[C@H]9N=CC=N[C@H]%109)cc8CC)cc7c(-c7cc(F)c(CC)s7)c6s5)s4)cc2[C@H]2N=CC=N[C@H]32)c1,,,,,,,0.868,25.9,"0,786","16,52",10.1002/adma.202102420,,,,,,,,,,
ABP4T-4F,CCc1c(/C=C2\C(=O)c3cc(F)c(F)cc3C2=C(C#N)C#N)sc2c1sc1c2sc2c3c4nsnc4c4c5sc(/C=C6\C(=O)c7cc(F)c(F)cc7C6=C(C#N)C#N)c(CC)c5n(CC)c4c3n(CC)c12,PBDB-TF,CCc1c(/C=C2\C(=O)c3cc(F)c(F)cc3C2=C(C#N)C#N)sc2c1sc1c2sc2c3c4nsnc4c4c5sc(/C=C6\C(=O)c7cc(F)c(F)cc7C6=C(C#N)C#N)c(CC)c5n(CC)c4c3n(CC)c12,,,,,,,0.922,22,"0,751","16,47",10.1002/aenm.202003177,,,,,,,,,,
FO-2F,CCC1(CC)Oc2cc3c(cc2-c2sc(/C=C4\C(=O)c5cc(F)c(F)cc5C4=C(C#N)C#N)cc21)C(CC)(CC)c1cc2c(cc1-3)OC(CC)(CC)c1cc(/C=C3\C(=O)c4cc(F)c(F)cc4C3=C(C#N)C#N)sc1-2,PBDB-TF,[H]C(S1)=CC2=C1C(C3=CC(F)=C(CC(CC)CCCC)S3)=C(C=C(C4=CC=C(C5=C6C(C(C7=C(CC(CC)CCCC)SC(CC(CC)CCCC)=C7C6=O)=O)=C(C8=CC=C([H])S8)S5)S4)S9)C9=C2C%10=CC(F)=C(CC(CC)CCCC)S%10,,,,,,,0.878,22.26,"0,770","16,32",10.1039/D0TA03087B,,,,,,,,,,
BTIC-CF3-y,CCc1c(/C=C2\C(=O)c3cc(C(F)(F)F)ccc3C2=C(C#N)C#N)sc2c1sc1c3c4nsnc4c4c5sc6c(CC)c(/C=C7\C(=O)c8cc(C(F)(F)F)ccc8C7=C(C#N)C#N)sc6c5n(CC)c4c3n(CC)c21,PBDB-TF,[H]C(S1)=CC2=C1C(C3=CC(F)=C(CC(CC)CCCC)S3)=C(C=C(C4=CC=C(C5=C6C(C(C7=C(CC(CC)CCCC)SC(CC(CC)CCCC)=C7C6=O)=O)=C(C8=CC=C([H])S8)S5)S4)S9)C9=C2C%10=CC(F)=C(CC(CC)CCCC)S%10,,,,,,,0.85,25.19,"O,7282","16,26",10.1016/j.joule.2020.02.004,,,,,,,,,,
BTP-S1,CCc1c(/C=C2\C(=O)c3cc(F)c(F)cc3C2=C(C#N)C#N)sc2c1sc1c3c4nsnc4c4c5sc6c(CC)c(/C=C7\C(=O)c8c(Cl)c(Cl)c(Cl)c(Cl)c8C7=C(C#N)C#N)sc6c5n(CC)c4c3n(CC)c21,PBDB-TF,[H]C(S1)=CC2=C1C(C3=CC(F)=C(CC(CC)CCCC)S3)=C(C=C(C4=CC=C(C5=C6C(C(C7=C(CC(CC)CCCC)SC(CC(CC)CCCC)=C7C6=O)=O)=C(C8=CC=C([H])S8)S5)S4)S9)C9=C2C%10=CC(F)=C(CC(CC)CCCC)S%10,,,,,,,0.934,22.39,"0,727","16,22",10.1002/adma.202001160,,,,,,,,,,
BTP-S2,CCc1c(/C=C2\C(=O)c3cc(Cl)c(Cl)cc3C2=C(C#N)C#N)sc2c1sc1c3c4nsnc4c4c5sc6c(CC)c(/C=C7\C(=O)c8c(Cl)c(Cl)c(Cl)c(Cl)c8C7=C(C#N)C#N)sc6c5n(CC)c4c3n(CC)c21,PBDB-TF,[H]C(S1)=CC2=C1C(C3=CC(F)=C(CC(CC)CCCC)S3)=C(C=C(C4=CC=C(C5=C6C(C(C7=C(CC(CC)CCCC)SC(CC(CC)CCCC)=C7C6=O)=O)=C(C8=CC=C([H])S8)S5)S4)S9)C9=C2C%10=CC(F)=C(CC(CC)CCCC)S%10,,,,,,,0.945,24.07,"0,720","16,21",10.1002/adma.202001160,,,,,,,,,,
BTP-2Cl-delta,CCc1sc(-c2c3cc(-c4ccc(-c5sc(-c6ccc(-c7cc8c(-c9cc(F)c(CC)s9)c9sc(-c%10ccc(-c%11sc(-c%12ccc(-c%13cc%14c(-c%15cc(F)c(CC)s%15)c%15sc(-c%16ccc(-c%17sc(-c%18cccs%18)c%18c%17C(=O)c%17c(CC)sc(CC)c%17C%18=O)s%16)cc%15c(-c%15cc(F)c(CC)s%15)c%14s%13)s%12)c%12c%11C(=O)c%11c(CC)sc(CC)c%11C%12=O)s%10)cc9c(-c9cc(F)c(CC)s9)c8s7)s6)c6c5C(=O)c5c(CC)sc(CC)c5C6=O)s4)sc3c(-c3cc(F)c(CC)s3)c3ccsc23)cc1F,PBDB-TF,[H]C(S1)=CC2=C1C(C3=CC(F)=C(CC(CC)CCCC)S3)=C(C=C(C4=CC=C(C5=C6C(C(C7=C(CC(CC)CCCC)SC(CC(CC)CCCC)=C7C6=O)=O)=C(C8=CC=C([H])S8)S5)S4)S9)C9=C2C%10=CC(F)=C(CC(CC)CCCC)S%10,,,,,,,0.89,24.3,"0,711","16,11",10.1021/acsami.0c16389,,,,,,,,,,
BTP-S9,CCc1c(/C=C2\C(=O)c3cc(Cl)c(Cl)cc3C2=C(C#N)C#N)sc2c1sc1c3c4nsnc4c4c5sc6c(CC)c(/C=C7\C(=O)c8cc9cc(F)c(F)cc9cc8C7=C(C#N)C#N)sc6c5n(CC)c4c3n(CC)c21,PBDB-TF,[H]C(S1)=CC2=C1C(C3=CC(F)=C(CC(CC)CCCC)S3)=C(C=C(C4=CC=C(C5=C6C(C(C7=C(CC(CC)CCCC)SC(CC(CC)CCCC)=C7C6=O)=O)=C(C8=CC=C([H])S8)S5)S4)S9)C9=C2C%10=CC(F)=C(CC(CC)CCCC)S%10,,,,,,,0.846,26.47,"0,784","16,1",10.1038/s41467-021-24937-5,,,,,,,,,,
CH1007,CCc1c(/C=C2\C(=O)c3cc(F)c(F)cc3C2=C(C#N)C#N)[se]c2c1sc1c3c4nsnc4c4c5sc6c(CC)c(/C=C7\C(=O)c8cc(F)c(F)cc8C7=C(C#N)C#N)[se]c6c5n(CC)c4c3n(CC)c12,PBDB-TF,[H]C(S1)=CC2=C1C(C3=CC(F)=C(CC(CC)CCCC)S3)=C(C=C(C4=CC=C(C5=C6C(C(C7=C(CC(CC)CCCC)SC(CC(CC)CCCC)=C7C6=O)=O)=C(C8=CC=C([H])S8)S5)S4)S9)C9=C2C%10=CC(F)=C(CC(CC)CCCC)S%10,,,,,,,0.822,27.48,"0,756","16,1",10.1021/jacs.0c07083,,,,,,,,,,
M34,CCc1sc(-c2c3cc(-c4ccc(-c5sc(-c6ccc(-c7cc8c(-c9cc(F)c(CC)s9)c9sc(-c%10ccc(-c%11sc(-c%12ccc(-c%13cc%14c(-c%15cc(F)c(CC)s%15)c%15sc(-c%16ccc(-c%17sc(-c%18cccs%18)c%18c%17C(=O)c%17c(CC)sc(CC)c%17C%18=O)s%16)cc%15c(-c%15cc(F)c(CC)s%15)c%14s%13)s%12)c%12c%11C(=O)c%11c(CC)sc(CC)c%11C%12=O)s%10)cc9c(-c9cc(F)c(CC)s9)c8s7)s6)c6c5C(=O)c5c(CC)sc(CC)c5C6=O)s4)sc3c(-c3cc(F)c(CC)s3)c3ccsc23)cc1F,PBDB-TF,[H]C(S1)=CC2=C1C(C3=CC(F)=C(CC(CC)CCCC)S3)=C(C=C(C4=CC=C(C5=C6C(C(C7=C(CC(CC)CCCC)SC(CC(CC)CCCC)=C7C6=O)=O)=C(C8=CC=C([H])S8)S5)S4)S9)C9=C2C%10=CC(F)=C(CC(CC)CCCC)S%10,,,,,,,0.91,23.63,"0,707","15,53",10.1002/anie.202007907,,,,,,,,,,
IPTBO-4Cl,CCc1ccc(C2(c3ccc(CC)cc3)c3cc4c(cc3-c3sc(/C=C5\C(=O)c6cc(Cl)c(Cl)cc6C5=C(C#N)C#N)cc32)C(c2ccc(CC)cc2)(c2ccc(CC)cc2)c2c-4sc3c4sc(/C=C5\C(=O)c6cc(Cl)c(Cl)cc6C5=C(C#N)C#N)cc4n(CC)c23)cc1,PBDB-TF,[H]C(S1)=CC2=C1C(C3=CC(F)=C(CC(CC)CCCC)S3)=C(C=C(C4=CC=C(C5=C6C(C(C7=C(CC(CC)CCCC)SC(CC(CC)CCCC)=C7C6=O)=O)=C(C8=CC=C([H])S8)S5)S4)S9)C9=C2C%10=CC(F)=C(CC(CC)CCCC)S%10,,,,,,,0.893,23.15,"0,726","15,3",10.1039/D0TA00651C,,,,,,,,,,
Y6-Se,CCc1c(/C=C2\C(=O)c3cc(F)c(F)cc3C2=C(C#N)C#N)sc2c1sc1c3c4n[se]nc4c4c5sc6c(CC)c(/C=C7\C(=O)c8cc(F)c(F)cc8C7=C(C#N)C#N)sc6c5n(CC)c4c3n(CC)c21,D18,CCCCCCC(CC1=CSC(C2=CC3=C(C4=C(C5=NSN=C53)C=C(S4)C6=CC(CC(CCCCCC)CCCC)=C(S6)C7=CC8=C(C9=C(C(C%10=CC(F)=C(N%10)CC(CCCC)CC)=C8S7)C=CS9)C%11=CC(F)=C(S%11)CC(CCCC)CC)S2)=C1)CCCC,,,,,,,0.839,27.98,"0,753","15,18",10.1021/jacs.0c08557,,,,,,,,,,
BTP-T-4Cl-BO,CCCCCCC(CCCC)Cn%12c4c3sc(C=c2c(=O)c1cc(Cl)c(Cl)cc1c2=C(C#N)C#N)c([C11])c3sc4c%11c5nsnc5c%10c9sc8c([C11])c(C=c7c(=O)c6cc(Cl)c(Cl)cc6c7=C(C#N)C#N)sc8c9n(CC(CCCC)CCCCCC)c%10c%11%12,PM6,FC1=C(CC(CCCC)CC)SC(C2=C(C=C(C3=CC=C(C4=C5C(C(C6=C(CC(CC)CCCC)SC(CC(CCCC)CC)=C6C5=O)=O)=C(C7=CC=C([H])S7)S4)S3)S8)C8=C(C9=CC(F)=C(CC(CCCC)CC)S9)C%10=C2SC([H])=C%10)=C1,,,,,,,"0,844","26,740","0,761","17,720",10.1002/adfm.202108614,,,,,,,,,,
BTTPC-Br,CCc1c(/C=C2\C(=O)c3cc4cc(Br)sc4cc3C2=C(C#N)C#N)sc2c1sc1c3c4nsnc4c4c5sc6c(CC)c(/C=C7\C(=O)c8cc9cc(Br)sc9cc8C7=C(C#N)C#N)sc6c5n(CC)c4c3n(CC)c21,PBDB-T,[H]C1=CC2=C(S1)C(C3=CC=C(CC(CC)CCCC)S3)=C4C(SC(C5=CC=C(C6=C7C(C(C8=C(CC(CC)CCCC)SC(CC(CC)CCCC)=C8C7=O)=O)=C(C9=CC=C([H])S9)S6)S5)=C4)=C2C%10=CC=C(CC(CC)CCCC)S%10,,,,,,,"0,860","24,710","0,710","17,610",10.1002/adfm.202108614,,,,,,,,,,
CH6,C,PM6,FC1=C(CC(CCCC)CC)SC(C2=C(C=C(C3=CC=C(C4=C5C(C(C6=C(CC(CC)CCCC)SC(CC(CCCC)CC)=C6C5=O)=O)=C(C7=CC=C([H])S7)S4)S3)S8)C8=C(C9=CC(F)=C(CC(CCCC)CC)S9)C%10=C2SC([H])=C%10)=C1,,,,,,,"0,875","26,620","0,784","17,230",10.1002/anie.202209580,,,,,,,,,,
N3,CCc1csc(-c2cc3c4nsnc4c4cc(-c5cc(CC)c(-c6cc7c(-c8cc(F)c(CC)s8)c8sc(-c9sc(-c%10cc%11c%12nsnc%12c%12cc(-c%13cc(CC)c(-c%14cc%15c(-c%16cc(F)c(CC)s%16)c%16sc(-c%17sc(-c%18cc%19c%20nsnc%20c%20cc(-c%21cc(CC)c(-c%22cc%23c(-c%24cc(F)c(CC)s%24)c%24sccc%24c(-c%24cc(F)c(CC)s%24)c%23s%22)s%21)sc%20c%19s%18)cc%17CC)cc%16c(-c%16cc(F)c(CC)s%16)c%15s%14)s%13)sc%12c%11s%10)cc9CC)cc8c(-c8cc(F)c(CC)s8)c7s6)s5)sc4c3s2)c1,L3,CCCCCCC(CCCC)CCC1=CSC(C2=CC3=C(S2)C2=C(C=C(C4=CC(CCC(CCCC)CCCCCC)=C(C5=CC6=C(C7=CC(F)=C(CC(CC)CCCC)S7)C7=C(C=C(C)S7)C(C7=CC(F)=C(CC(CC)CCCC)S7)=C6S5)S4)S2)C(=O)O3)=C1,,,,,,,"0,86","26,39","0,759",17,10.1039/d1ta10233h,,,,,,,,,,
o-THE,CCCCCCCC(CCCC)Cn%14c5c4sc(C=c2c(=O)c1cc(F)c(F)cc1c2=C(C#N)C#N)c(c3cc(CC(CC)CCCC)cs3)c4sc5c%13c6nsnc6c%12c%11sc%10c(c7cc(CC(CC)CCCC)cs7)c(C=c9c(=O)c8cc(F)c(F)cc8c9=C(C#N)C#N)sc%10c%11n(CC(CCCCC)CCCCCC)c%12c%13%14.C.C,PBQ6,CCCCC(CC1=C(C=C(S1)C2=NC3=C(C(F)=C(C(C4=CC=CS4)=C3N=C2C5=CC(F)=C(S5)CC(CCC)CC)F)C6=CC=C(S6)C7=CC8=C(C(C9=CC(F)=C(S9)CC(CCCC)CC)=C%10C=CSC%10=C8C%11=CC(F)=C(S%11)CC(CCCC)CC)S7)F)CC,,,,,,,"0,882","26,100","0,704",16,10.1039/d2ee00430e,,,,,,,,,,
TTPIC-4F,CCCCCCCC(CCCCC)CC7(CC(CCCCC)CCCCCCC)Oc1cc8c(cc1c6sc5c(sc4cc(C=c3c(=O)c2cc(F)c(F)cc2c3=C(C#N)C#N)sc45)c67)OC(CC(CCCC)CCCCCC)(CC(CCCC)CCCCCC)c%11c8sc%12cc(C=c%10c(=O)c9cc(F)c(F)cc9c%10=C(C#N)C#N)sc%11%12,D18,CCCCCCC(CC1=CSC(C2=CC3=C(C4=C(C5=NSN=C53)C=C(S4)C6=CC(CC(CCCCCC)CCCC)=C(S6)C7=CC8=C(C9=C(C(C%10=CC(F)=C(N%10)CC(CCCC)CC)=C8S7)C=CS9)C%11=CC(F)=C(S%11)CC(CCCC)CC)S2)=C1)CCCC,,,,,,,"0,883","25,240","0,766",17,10.1002/adma.202207336,,,,,,,,,,
Y6-1O,CCOc1c(/C=C2\C(=O)c3cc(F)c(F)cc3C2=C(C#N)C#N)sc2c1sc1c3c4nsnc4c4c5sc6c(CC)c(/C=C7\C(=O)c8cc(F)c(F)cc8C7=C(C#N)C#N)sc6c5n(CC)c4c3n(CC)c21,PM6,FC1=C(CC(CCCC)CC)SC(C2=C(C=C(C3=CC=C(C4=C5C(C(C6=C(CC(CC)CCCC)SC(CC(CCCC)CC)=C6C5=O)=O)=C(C7=CC=C([H])S7)S4)S3)S8)C8=C(C9=CC(F)=C(CC(CCCC)CC)S9)C%10=C2SC([H])=C%10)=C1,,,,,,,"0,9","25,510","0,735",17,10.1021/acs.chemmater.2c02851,,,,,,,,,,
BTP-PhC6,CCc1ccc(-c2c(/C=C3\C(=O)c4cc(F)c(F)cc4C3=C(C#N)C#N)sc3c2sc2c4c5nsnc5c5c6sc7c(-c8ccc(CC)cc8)c(/C=C8\C(=O)c9cc(F)c(F)cc9C8=C(C#N)C#N)sc7c6n(CC)c5c4n(CC)c32)cc1,PBDB-TF,[H]C(S1)=CC2=C1C(C3=CC(F)=C(CC(CC)CCCC)S3)=C(C=C(C4=CC=C(C5=C6C(C(C7=C(CC(CC)CCCC)SC(CC(CC)CCCC)=C7C6=O)=O)=C(C8=CC=C([H])S8)S5)S4)S9)C9=C2C%10=CC(F)=C(CC(CC)CCCC)S%10,,,,,,,0.865,25,"0,770",17,,,,,,,,,,,
p-BTP-C6Ph,CCCCCCc%14ccc(c3c(C=c2c(=O)c1cc(F)c(F)cc1c2=C(C#N)C#N)sc%12c3sc%13c%11c4nsnc4c%10c9sc8c(c5ccc(CCCCCC)cc5)c(C=c7c(=O)c6cc(F)c(F)cc6c7=C(C#N)C#N)sc8c9n(CC(CC)CCCC)c%10c%11n(CC(CC)CCCC)c%12%13)cc%14.C.C.C,PTQ10,[H]C1=C(F)C(F)=C(C2=CC=C([H])S2)C3=C1N=C(OCC(CCCCCC)CCCCCCCC)C=N3,,,,,,,0.888,24.7,"0,779",17,10.1039/D0EE03506H,,,,,,,,,,
BTIC-2Cl-yCF3,CCc1c(/C=C2\C(=O)c3cc(C(F)(F)F)ccc3C2=C(C#N)C#N)sc2c1sc1c3c4nsnc4c4c5sc6c(CC)c(/C=C7\C(=O)c8cc(Cl)c(Cl)cc8C7=C(C#N)C#N)sc6c5n(CC)c4c3n(CC)c21,PBDB-TF,[H]C(S1)=CC2=C1C(C3=CC(F)=C(CC(CC)CCCC)S3)=C(C=C(C4=CC=C(C5=C6C(C(C7=C(CC(CC)CCCC)SC(CC(CC)CCCC)=C7C6=O)=O)=C(C8=CC=C([H])S8)S5)S4)S9)C9=C2C%10=CC(F)=C(CC(CC)CCCC)S%10,,,,,,,0.84,25.09,"0,770","16,780",10.1002/ange.202013053,,,,,,,,,,
DTTC-4Cl,CCc1ccc(C2(c3ccc(CC)cc3)c3cc4c5cc6c(cc5n(CC)c4cc3-c3sc4cc(/C=C5\C(=O)c7cc(Cl)c(Cl)cc7C5=C(C#N)C#N)sc4c32)-c2sc3cc(/C=C4\C(=O)c5cc(Cl)c(Cl)cc5C4=C(C#N)C#N)sc3c2C6(c2ccc(CC)cc2)c2ccc(CC)cc2)cc1,PBDB-TF,[H]C(S1)=CC2=C1C(C3=CC(F)=C(CC(CC)CCCC)S3)=C(C=C(C4=CC=C(C5=C6C(C(C7=C(CC(CC)CCCC)SC(CC(CC)CCCC)=C7C6=O)=O)=C(C8=CC=C([H])S8)S5)S4)S9)C9=C2C%10=CC(F)=C(CC(CC)CCCC)S%10,,,,,,,0.92,22.64,"0,740","16,700",10.1039/C9TA12605H,,,,,,,,,,
Y6-O,CCOc1c(/C=C2\C(=O)c3cc(F)c(F)cc3C2=C(C#N)C#N)sc2c1sc1c3c4nsnc4c4c5sc6c(OCC)c(/C=C7\C(=O)c8cc(F)c(F)cc8C7=C(C#N)C#N)sc6c5n(CC)c4c3n(CC)c21,PBDB-TF,[H]C(S1)=CC2=C1C(C3=CC(F)=C(CC(CC)CCCC)S3)=C(C=C(C4=CC=C(C5=C6C(C(C7=C(CC(CC)CCCC)SC(CC(CC)CCCC)=C7C6=O)=O)=C(C8=CC=C([H])S8)S5)S4)S9)C9=C2C%10=CC(F)=C(CC(CC)CCCC)S%10,,,,,,,0.95,22.4,"0,780","16,690",10.1039/D0TA10953C,,,,,,,,,,
Y6-1O,CCOc1c(/C=C2\C(=O)c3cc(F)c(F)cc3C2=C(C#N)C#N)sc2c1sc1c3c4nsnc4c4c5sc6c(CC)c(/C=C7\C(=O)c8cc(F)c(F)cc8C7=C(C#N)C#N)sc6c5n(CC)c4c3n(CC)c21,PBDB-TF,[H]C(S1)=CC2=C1C(C3=CC(F)=C(CC(CC)CCCC)S3)=C(C=C(C4=CC=C(C5=C6C(C(C7=C(CC(CC)CCCC)SC(CC(CC)CCCC)=C7C6=O)=O)=C(C8=CC=C([H])S8)S5)S4)S9)C9=C2C%10=CC(F)=C(CC(CC)CCCC)S%10,,,,,,,0.89,23.2,"0,783","16,600",10.1002/aenm.202003141,,,,,,,,,,
Y18-1D,CCn1nc2c(n1)c1c3c(c4cc(/C=C5\C(=O)c6cc(F)c(F)cc6C5=C(C#N)C#N)ccc4n3CC)n(CC)c1c1c2c2c(c3cc(/C=C4\C(=O)c5cc(F)c(F)cc5C4=C(C#N)C#N)ccc3n2CC)n1CC,P_chen,CCn1nc2c(n1)c1c3c(c4cc(/C=C5\C(=O)c6cc(F)c(F)cc6C5=C(C#N)C#N)ccc4n3CC)n(CC)c1c1c2c2c(c3cc(/C=C4\C(=O)c5cc(F)c(F)cc5C4=C(C#N)C#N)ccc3n2CC)n1CC,,,,,,,0.84,24.53,"0,740","16,530",10.1039/D0SE01343A,,,,,,,,,,
BTPTT-4F,CCc1c(F)cc(-c2c3cc(-c4ccc(-c5c6c(c(-c7ccc(-c8cc9c(-c%10cc(F)c(CC)c(F)c%10)c%10sc(-c%11ccc(-c%12c%13c(c(-c%14ccc(-c%15cc%16c(-c%17cc(F)c(CC)c(F)c%17)c%17sc(-c%18ccc(-c%19c%20c(c(-c%21cccs%21)c%21nn(CC)nc%19%21)C(=O)N(CC)C%20=O)s%18)cc%17c(-c%17cc(F)c(CC)c(F)c%17)c%16s%15)s%14)c%14nn(CC)nc%12%14)C(=O)N(CC)C%13=O)s%11)cc%10c(-c%10cc(F)c(CC)c(F)c%10)c9s8)s7)c7nn(CC)nc57)C(=O)N(CC)C6=O)s4)sc3c(-c3cc(F)c(CC)c(F)c3)c3ccsc23)cc1F,P2F-Ehp,CCc1c(/C=C2\C(=O)c3cc(F)c(F)cc3C2=C(C#N)C#N)sc2c1sc1c3c4nsnc4c4c5sc6cc(/C=C7\C(=O)c8cc(F)c(F)cc8C7=C(C#N)C#N)sc6c5n(CC)c4c3n(CC)c21,,,,,,,0.81,26.68,"0,741","16,500",10.1007/s11426-019-9457-5,,,,,,,,,,
m-BTP-C6Ph,CCCCCCc%14cccc(c3c(C=c2c(=O)c1cc(F)c(F)cc1c2=C(C#N)C#N)sc%12c3sc%13c%11c4nsnc4c%10c9sc8c(c5cccc(CCCCCC)c5)c(C=c7c(=O)c6cc(F)c(F)cc6c7=C(C#N)C#N)sc8c9n(CC(CC)CCCC)c%10c%11n(CC(CC)CCCC)c%12%13)c%14.C,PTQ10,[H]C1=C(F)C(F)=C(C2=CC=C([H])S2)C3=C1N=C(OCC(CCCCCC)CCCCCCCC)C=N3,,,,,,,0.841,26.95,"0,783","16,500",10.1007/s11426-021-1114-3,,,,,,,,,,
Y6,CCCCCCCCCCCC1=C(SC2=C1SC1=C2N(CC(CC)CCCC)C2=C1C1=NSN=C1C1=C2N(CC(CC)CCCC)C2=C1SC1=C2SC(C=C2C(=O)C3=CC(F)=C(F)C=C3C2=C(C#N)C#N)=C1CCCCCCCCCCC)C=C1C(=O)C2=CC(F)=C(F)C=C2C1=C(C#N)C#N,PTQ10,[H]C1=C(F)C(F)=C(C2=CC=C([H])S2)C3=C1N=C(OCC(CCCCCC)CCCCCCCC)C=N3,,,,,,,0.831,26.28,"0,784","16,490",10.1007/s11426-021-1114-3,,,,,,,,,,
BP5T-4F,CCc1c(/C=C2\C(=O)c3cc(F)c(F)cc3C2=C(C#N)C#N)sc2c1sc1c2sc2c3c4nsnc4c4c5sc6c(CC)c(/C=C7\C(=O)c8cc(F)c(F)cc8C7=C(C#N)C#N)sc6c5n(CC)c4c3n(CC)c12,PBDB-TF,CCc1c(/C=C2\C(=O)c3cc(F)c(F)cc3C2=C(C#N)C#N)sc2c1sc1c2sc2c3c4nsnc4c4c5sc6c(CC)c(/C=C7\C(=O)c8cc(F)c(F)cc8C7=C(C#N)C#N)sc6c5n(CC)c4c3n(CC)c12,,,,,,,0.888,24.6,"0,763","16,400",10.1002/aenm.202003177,,,,,,,,,,
BTP-FCl-FCl,CCc1c(/C=C2\C(=O)c3cc(Cl)c(F)cc3C2=C(C#N)C#N)sc2c1sc1c3c4nsnc4c4c5sc6c(CC)c(/C=C7\C(=O)c8cc(Cl)c(F)cc8C7=C(C#N)C#N)sc6c5n(CC)c4c3n(CC)c21,BTR-Cl,CCc1c(/C=C2\C(=O)c3cc(Cl)c(F)cc3C2=C(C#N)C#N)sc2c1sc1c3c4nsnc4c4c5sc6c(CC)c(/C=C7\C(=O)c8cc(Cl)c(F)cc8C7=C(C#N)C#N)sc6c5n(CC)c4c3n(CC)c21,,,,,,,0.8234,24.58,"0,754","16,400",10.1002/advs.202004262,,,,,,,,,,
N3,CCc1csc(-c2cc3c4nsnc4c4cc(-c5cc(CC)c(-c6cc7c(-c8cc(F)c(CC)s8)c8sc(-c9sc(-c%10cc%11c%12nsnc%12c%12cc(-c%13cc(CC)c(-c%14cc%15c(-c%16cc(F)c(CC)s%16)c%16sc(-c%17sc(-c%18cc%19c%20nsnc%20c%20cc(-c%21cc(CC)c(-c%22cc%23c(-c%24cc(F)c(CC)s%24)c%24sccc%24c(-c%24cc(F)c(CC)s%24)c%23s%22)s%21)sc%20c%19s%18)cc%17CC)cc%16c(-c%16cc(F)c(CC)s%16)c%15s%14)s%13)sc%12c%11s%10)cc9CC)cc8c(-c8cc(F)c(CC)s8)c7s6)s5)sc4c3s2)c1,D18,CCCCCCC(CC1=CSC(C2=CC3=C(C4=C(C5=NSN=C53)C=C(S4)C6=CC(CC(CCCCCC)CCCC)=C(S6)C7=CC8=C(C9=C(C(C%10=CC(F)=C(N%10)CC(CCCC)CC)=C8S7)C=CS9)C%11=CC(F)=C(S%11)CC(CCCC)CC)S2)=C1)CCCC,,,,,,,0.86,27.44,"0,785","16,370",https://doi.org/10.1088/1674-4926/42/1/010502,,,,,,,,,,
BTCT-2Cl,CCc1c(/C=C2\C(=O)c3c(csc3Cl)C2=C(C#N)C#N)sc2c1sc1c3c4nsnc4c4c5sc6c(CC)c(/C=C7\C(=O)c8c(csc8Cl)C7=C(C#N)C#N)sc6c5n(CC)c4c3n(CC)c21,PBDB-TF,[H]C(S1)=CC2=C1C(C3=CC(F)=C(CC(CC)CCCC)S3)=C(C=C(C4=CC=C(C5=C6C(C(C7=C(CC(CC)CCCC)SC(CC(CC)CCCC)=C7C6=O)=O)=C(C8=CC=C([H])S8)S5)S4)S9)C9=C2C%10=CC(F)=C(CC(CC)CCCC)S%10,,,,,,,0.877,24.4,"0,704","16,170",10.1021/acs.chemmater.0c01245,,,,,,,,,,
BTP-S7,CCc1sc(-c2c3cc(-c4ccc(-c5sc(-c6ccc(-c7cc8c(-c9cc(F)c(CC)s9)c9sc(-c%10ccc(-c%11sc(-c%12ccc(-c%13cc%14c(-c%15cc(F)c(CC)s%15)c%15sc(-c%16ccc(-c%17sc(-c%18cccs%18)c%18c%17C(=O)c%17c(CC)sc(CC)c%17C%18=O)s%16)cc%15c(-c%15cc(F)c(CC)s%15)c%14s%13)s%12)c%12c%11C(=O)c%11c(CC)sc(CC)c%11C%12=O)s%10)cc9c(-c9cc(F)c(CC)s9)c8s7)s6)c6c5C(=O)c5c(CC)sc(CC)c5C6=O)s4)sc3c(-c3cc(F)c(CC)s3)c3ccsc23)cc1F,PBDB-TF,[H]C(S1)=CC2=C1C(C3=CC(F)=C(CC(CC)CCCC)S3)=C(C=C(C4=CC=C(C5=C6C(C(C7=C(CC(CC)CCCC)SC(CC(CC)CCCC)=C7C6=O)=O)=C(C8=CC=C([H])S8)S5)S4)S9)C9=C2C%10=CC(F)=C(CC(CC)CCCC)S%10,,,,,,,0.861,25.92,"0,751","16,100",10.1038/s41467-021-24937-5,,,,,,,,,,
SY2,CCc1sc(-c2c3cc(-c4ccc(-c5sc(-c6ccc(-c7cc8c(-c9cc(F)c(CC)s9)c9sc(-c%10ccc(-c%11sc(-c%12ccc(-c%13cc%14c(-c%15cc(F)c(CC)s%15)c%15sc(-c%16ccc(-c%17sc(-c%18cccs%18)c%18c%17C(=O)c%17c(CC)sc(CC)c%17C%18=O)s%16)cc%15c(-c%15cc(F)c(CC)s%15)c%14s%13)s%12)c%12c%11C(=O)c%11c(CC)sc(CC)c%11C%12=O)s%10)cc9c(-c9cc(F)c(CC)s9)c8s7)s6)c6c5C(=O)c5c(CC)sc(CC)c5C6=O)s4)sc3c(-c3cc(F)c(CC)s3)c3ccsc23)cc1F,PBDB-TF,[H]C(S1)=CC2=C1C(C3=CC(F)=C(CC(CC)CCCC)S3)=C(C=C(C4=CC=C(C5=C6C(C(C7=C(CC(CC)CCCC)SC(CC(CC)CCCC)=C7C6=O)=O)=C(C8=CC=C([H])S8)S5)S4)S9)C9=C2C%10=CC(F)=C(CC(CC)CCCC)S%10,,,,,,,0.852,25.29,"0,743","16,100",10.1002/adfm.202000456,,,,,,,,,,
SY1,CCc1c(/C=C2\C(=O)c3ccc(Cl)cc3C2=C(C#N)C#N)sc2c1sc1c3c4nsnc4c4c5sc6c(CC)c(/C=C7\C(=O)c8cc(F)c(F)cc8C7=C(C#N)C#N)sc6c5n(CC)c4c3n(CC)c21,PBDB-TF,[H]C(S1)=CC2=C1C(C3=CC(F)=C(CC(CC)CCCC)S3)=C(C=C(C4=CC=C(C5=C6C(C(C7=C(CC(CC)CCCC)SC(CC(CC)CCCC)=C7C6=O)=O)=C(C8=CC=C([H])S8)S5)S4)S9)C9=C2C%10=CC(F)=C(CC(CC)CCCC)S%10,,,,,,,0.871,25.41,"0,760","16,090",10.1002/adfm.202000456,,,,,,,,,,
SY3,CCc1c(/C=C2\C(=O)c3ccc(Cl)cc3C2=C(C#N)C#N)sc2c1sc1c3c4nsnc4c4c5sc6c(CC)c(/C=C7\C(=O)c8cc(Cl)c(Cl)cc8C7=C(C#N)C#N)sc6c5n(CC)c4c3n(CC)c21,PBDB-TF,[H]C(S1)=CC2=C1C(C3=CC(F)=C(CC(CC)CCCC)S3)=C(C=C(C4=CC=C(C5=C6C(C(C7=C(CC(CC)CCCC)SC(CC(CC)CCCC)=C7C6=O)=O)=C(C8=CC=C([H])S8)S5)S4)S9)C9=C2C%10=CC(F)=C(CC(CC)CCCC)S%10,,,,,,,0.858,25.54,"0,741","16,000",10.1002/adfm.202000456,,,,,,,,,,
LL3,CCc1c(/C=C2\C(=O)c3cc(Cl)c(Cl)cc3C2=C(C#N)C#N)sc2c1sc1c3c4nn(CC)nc4c4c5sc6c(CC)c(/C=C7\C(=O)c8cc9c(cc8C7=C(C#N)C#N)C7C8C=CC(C8)C97)sc6c5n(CC)c4c3n(CC)c21,PBDB-T,[H]C1=CC2=C(S1)C(C3=CC=C(CC(CC)CCCC)S3)=C4C(SC(C5=CC=C(C6=C7C(C(C8=C(CC(CC)CCCC)SC(CC(CC)CCCC)=C8C7=O)=O)=C(C9=CC=C([H])S9)S6)S5)=C4)=C2C%10=CC=C(CC(CC)CCCC)S%10,,,,,,,0.86,26.97,"0,723","16,000",10.1002/adfm.202103445,,,,,,,,,,
BTP-ClBr,CCc1c(/C=C2\C(=O)c3c(ccc(Br)c3Cl)C2=C(C#N)C#N)sc2c1sc1c3c4nsnc4c4c5sc6c(CC)c(/C=C7\C(=O)c8c(ccc(Br)c8Cl)C7=C(C#N)C#N)sc6c5n(CC)c4c3n(CC)c21,PBDB-TF,[H]C(S1)=CC2=C1C(C3=CC(F)=C(CC(CC)CCCC)S3)=C(C=C(C4=CC=C(C5=C6C(C(C7=C(CC(CC)CCCC)SC(CC(CC)CCCC)=C7C6=O)=O)=C(C8=CC=C([H])S8)S5)S4)S9)C9=C2C%10=CC(F)=C(CC(CC)CCCC)S%10,,,,,,,0.906,23.48,"0,790","15,890",10.1002/aenm.202002649,,,,,,,,,,
BTP-ClBr2,CCc1c(/C=C2\C(=O)c3c(Cl)cc(Br)cc3C2=C(C#N)C#N)sc2c1sc1c3c4nsnc4c4c5sc6c(CC)c(/C=C7\C(=O)c8c(Cl)cc(Br)cc8C7=C(C#N)C#N)sc6c5n(CC)c4c3n(CC)c21,PBDB-TF,[H]C(S1)=CC2=C1C(C3=CC(F)=C(CC(CC)CCCC)S3)=C(C=C(C4=CC=C(C5=C6C(C(C7=C(CC(CC)CCCC)SC(CC(CC)CCCC)=C7C6=O)=O)=C(C8=CC=C([H])S8)S5)S4)S9)C9=C2C%10=CC(F)=C(CC(CC)CCCC)S%10,,,,,,,0.845,24.97,"0,736","15,800",10.1002/aenm.202002649,,,,,,,,,,
BDTP-4F,CCc1c(/C=C2\C(=O)c3cc(F)c(F)cc3C2=C(C#N)C#N)sc2c3c4nsnc4c4c5sc6c7sc(/C=C8\C(=O)c9cc(F)c(F)cc9C8=C(C#N)C#N)cc7n(CC)c6c5n(CC)c4c3n(CC)c12,PBDB-TF,[H]C(S1)=CC2=C1C(C3=CC(F)=C(CC(CC)CCCC)S3)=C(C=C(C4=CC=C(C5=C6C(C(C7=C(CC(CC)CCCC)SC(CC(CC)CCCC)=C7C6=O)=O)=C(C8=CC=C([H])S8)S5)S4)S9)C9=C2C%10=CC(F)=C(CC(CC)CCCC)S%10,,,,,,,0.895,22.54,"0,755","15,750",10.1002/smll.202001942,,,,,,,,,,
BTP-2F-ThCl,CCc1c(/C=C2\C(=O)c3cc(F)c(F)cc3C2=C(C#N)C#N)sc2c1sc1c3c4nsnc4c4c5sc6c(CC)c(/C=C7\C(=O)c8c(csc8Cl)C7=C(C#N)C#N)sc6c5n(CC)c4c3n(CC)c21,PBDB-TF,[H]C(S1)=CC2=C1C(C3=CC(F)=C(CC(CC)CCCC)S3)=C(C=C(C4=CC=C(C5=C6C(C(C7=C(CC(CC)CCCC)SC(CC(CC)CCCC)=C7C6=O)=O)=C(C8=CC=C([H])S8)S5)S4)S9)C9=C2C%10=CC(F)=C(CC(CC)CCCC)S%10,,,,,,,0.869,25.38,"0,774","15,700",10.1016/j.joule.2020.03.023,,,,,,,,,,
BTN-4F,CCc1c(/C=C2\C(=O)c3cc(F)c(F)cc3C2=C(C#N)C#N)sc2c1sc1c3c4nsnc4c4c5c(cc(/C=C6\C(=O)c7cc(F)c(F)cc7C6=C(C#N)C#N)n5CC)n(CC)c4c3n(CC)c21,PBDB-TF,[H]C(S1)=CC2=C1C(C3=CC(F)=C(CC(CC)CCCC)S3)=C(C=C(C4=CC=C(C5=C6C(C(C7=C(CC(CC)CCCC)SC(CC(CC)CCCC)=C7C6=O)=O)=C(C8=CC=C([H])S8)S5)S4)S9)C9=C2C%10=CC(F)=C(CC(CC)CCCC)S%10,,,,,,,0.816,25.05,"0,773","15,650",https://doi.org/10.1002/sstr.202000052,,,,,,,,,,
A4T-16,CCc1cc(CC)c(-c2cc(-c3cc(-c4c(CC)cc(CC)cc4CC)c(-c4sc(/C=C5\C(=O)c6cc(F)c(F)cc6C5=C(C#N)C#N)cc4CC)s3)sc2-c2sc(/C=C3\C(=O)c4cc(F)c(F)cc4C3=C(C#N)C#N)cc2CC)c(CC)c1,PBDB-TF,[H]C(S1)=CC2=C1C(C3=CC(F)=C(CC(CC)CCCC)S3)=C(C=C(C4=CC=C(C5=C6C(C(C7=C(CC(CC)CCCC)SC(CC(CC)CCCC)=C7C6=O)=O)=C(C8=CC=C([H])S8)S5)S4)S9)C9=C2C%10=CC(F)=C(CC(CC)CCCC)S%10,,,,,,,0.876,21.8,"0,798","15,650",10.1038/s41467-021-25394-w,,,,,,,,,,
BTP-4Cl,CCc1c(/C=C2\C(=O)c3cc(Cl)c(Cl)cc3C2=C(C#N)C#N)sc2c1sc1c3c4nsnc4c4c5sc6c(CC)c(/C=C7\C(=O)c8cc(Cl)c(Cl)cc8C7=C(C#N)C#N)sc6c5n(CC)c4c3n(CC)c21,PBDB-TF,[H]C(S1)=CC2=C1C(C3=CC(F)=C(CC(CC)CCCC)S3)=C(C=C(C4=CC=C(C5=C6C(C(C7=C(CC(CC)CCCC)SC(CC(CC)CCCC)=C7C6=O)=O)=C(C8=CC=C([H])S8)S5)S4)S9)C9=C2C%10=CC(F)=C(CC(CC)CCCC)S%10,,,,,,,0.838,26.7,"0,790","15,600",10.1002/anie.202102622,,,,,,,,,,
Y6,CCCCCCCCCCCC1=C(SC2=C1SC1=C2N(CC(CC)CCCC)C2=C1C1=NSN=C1C1=C2N(CC(CC)CCCC)C2=C1SC1=C2SC(C=C2C(=O)C3=CC(F)=C(F)C=C3C2=C(C#N)C#N)=C1CCCCCCCCCCC)C=C1C(=O)C2=CC(F)=C(F)C=C2C1=C(C#N)C#N,PBDB-T-2Cl,CCc1c(/C=C2\C(=O)c3cc(F)c(F)cc3C2=C(C#N)C#N)sc2c1sc1c3c4nsnc4c4c5sc6cc(/C=C7\C(=O)c8cc(F)c(F)cc8C7=C(C#N)C#N)sc6c5n(CC)c4c3n(CC)c21,,,,,,,0.882,25.605,"0,733","15,590",10.1007/s11426-019-9669-3,,,,,,,,,,
eC9,CCc1sc(CC)c2c1C(=O)c1c(-c3ccc(-c4cc(F)cs4)s3)sc(-c3ccc(-c4cc(F)c(-c5sc(-c6ccc(-c7sc(-c8ccc(-c9cc(F)c(-c%10sc(-c%11ccc(-c%12sc(-c%13ccc(-c%14cc(F)cs%14)s%13)c%13c%12C(=O)c%12c(CC)sc(CC)c%12C%13=O)s%11)cc%10F)s9)s8)c8c7C(=O)c7c(CC)sc(CC)c7C8=O)s6)cc5F)s4)s3)c1C2=O,P5T-2F,CCc1c(/C=C2\C(=O)c3cc(Cl)c(Cl)cc3C2=C(C#N)C#N)sc2c1sc1c3c4nsnc4c4c5sc6c(CC)c(/C=C7\C(=O)c8cc(Cl)c(Cl)cc8C7=C(C#N)C#N)sc6c5n(CC)c4c3n(CC)c21,,,,,,,0.837,26.5,"0,789","15,510",10.1021/acsmaterialslett.1c00328,,,,,,,,,,
TPIC-4Cl,CCc1ccc(C2(c3ccc(CC)cc3)c3cc4c(cc3-c3sc(/C=C5\C(=O)c6cc(Cl)c(Cl)cc6C5=C(C#N)C#N)cc32)C(c2ccc(CC)cc2)(c2ccc(CC)cc2)c2c-4sc3c4sc(/C=C5\C(=O)c6cc(Cl)c(Cl)cc6C5=C(C#N)C#N)cc4n(CC)c23)cc1,PBDB-T-2Cl,CCc1ccc(C2(c3ccc(CC)cc3)c3cc4c(cc3-c3sc(/C=C5\C(=O)c6cc(Cl)c(Cl)cc6C5=C(C#N)C#N)cc32)C(c2ccc(CC)cc2)(c2ccc(CC)cc2)c2c-4sc3c4sc(/C=C5\C(=O)c6cc(Cl)c(Cl)cc6C5=C(C#N)C#N)cc4n(CC)c23)cc1,,,,,,,0.885,22.89,"0,757","15,500",10.1002/solr.202000250,,,,,,,,,,
L8-BO,CCc1sc(-c2c3cc(-c4ccc(-c5sc(-c6ccc(-c7cc8c(-c9cc(F)c(CC)s9)c9sc(-c%10ccc(-c%11sc(-c%12ccc(-c%13cc%14c(-c%15cc(F)c(CC)s%15)c%15sc(-c%16ccc(-c%17sc(-c%18cccs%18)c%18c%17C(=O)c%17c(CC)sc(CC)c%17C%18=O)s%16)cc%15c(-c%15cc(F)c(CC)s%15)c%14s%13)s%12)c%12c%11C(=O)c%11c(CC)sc(CC)c%11C%12=O)s%10)cc9c(-c9cc(F)c(CC)s9)c8s7)s6)c6c5C(=O)c5c(CC)sc(CC)c5C6=O)s4)sc3c(-c3cc(F)c(CC)s3)c3ccsc23)cc1F,PBDB-TF,[H]C(S1)=CC2=C1C(C3=CC(F)=C(CC(CC)CCCC)S3)=C(C=C(C4=CC=C(C5=C6C(C(C7=C(CC(CC)CCCC)SC(CC(CC)CCCC)=C7C6=O)=O)=C(C8=CC=C([H])S8)S5)S4)S9)C9=C2C%10=CC(F)=C(CC(CC)CCCC)S%10,,,,,,,0.89,26.37,"0,799","15,500",10.1002/ange.202110550,,,,,,,,,,
PFA1,CCc1c(/C=C2\C(=O)c3ccc(F)cc3C2=C(C#N)C#N)sc2c1sc1c3c4nsnc4c4c5sc6c(CC)c(/C=C7\C(=O)c8cc(F)c(-c9ccc(-c%10cc%11c(cc%10F)C(=C(C#N)C#N)/C(=C/c%10sc%12c(sc%13c%14c%15nsnc%15c%15c%16sc%17c(CC)c(/C=C%18\C(=O)c%19cc(F)c(-c%20cccs%20)cc%19C%18=C(C#N)C#N)sc%17c%16n(CC)c%15c%14n(CC)c%12%13)c%10CC)C%11=O)s9)cc8C7=C(C#N)C#N)sc6c5n(CC)c4c3n(CC)c21,PTzBI-oF,CCc1c(/C=C2\C(=O)c3ccc(F)cc3C2=C(C#N)C#N)sc2c1sc1c3c4nsnc4c4c5sc6c(CC)c(/C=C7\C(=O)c8cc(F)c(-c9ccc(-c%10cc%11c(cc%10F)C(=C(C#N)C#N)/C(=C/c%10sc%12c(sc%13c%14c%15nsnc%15c%15c%16sc%17c(CC)c(/C=C%18\C(=O)c%19cc(F)c(-c%20cccs%20)cc%19C%18=C(C#N)C#N)sc%17c%16n(CC)c%15c%14n(CC)c%12%13)c%10CC)C%11=O)s9)cc8C7=C(C#N)C#N)sc6c5n(CC)c4c3n(CC)c21,,,,,,,0.87,23.96,"0,727","15,500",10.1021/acsenergylett.0c02053,,,,,,,,,,
BO-4Cl,CCSc1ccc(-c2c3cc(-c4cc(CC)c(-c5cc(CC)c(-c6ccc(/C=C7/SC(=S)N(CC)C7=O)s6)s5)s4)sc3c(-c3ccc(SCC)cc3)c3cc(-c4cc(CC)c(-c5cc(CC)c(-c6ccc(/C=C7/SC(=S)N(CC)C7=O)s6)s5)s4)sc23)cc1,B1,CCc1c(/C=C2\C(=O)c3cc(Cl)c(Cl)cc3C2=C(C#N)C#N)sc2c1sc1c3c4nsnc4c4c5sc6c(CC)c(/C=C7\C(=O)c8cc(Cl)c(Cl)cc8C7=C(C#N)C#N)sc6c5n(CC)c4c3n(CC)c21,,,,,,,0.83,25.27,"0,730","15,470",10.1007/s40843-020-1269-9,,,,,,,,,,
H2,CCc1c(/C=C2\C(=O)c3ccc(Cl)cc3C2=C(C#N)C#N)sc2c1sc1c3c4nsnc4c4c5sc6c(CC)c(/C=C7\C(=O)c8ccc(Cl)cc8C7=C(C#N)C#N)sc6c5n(CC)c4c3n(CC)c21,PBDB-T,[H]C1=CC2=C(S1)C(C3=CC=C(CC(CC)CCCC)S3)=C4C(SC(C5=CC=C(C6=C7C(C(C8=C(CC(CC)CCCC)SC(CC(CC)CCCC)=C8C7=O)=O)=C(C9=CC=C([H])S9)S6)S5)=C4)=C2C%10=CC=C(CC(CC)CCCC)S%10,,,,,,,0.79,25.82,"0,730","15,450",10.1002/anie.202006081,,,,,,,,,,
BTTPC-Br,CCc1c(/C=C2\C(=O)c3cc4cc(Br)sc4cc3C2=C(C#N)C#N)sc2c1sc1c3c4nsnc4c4c5sc6c(CC)c(/C=C7\C(=O)c8cc9cc(Br)sc9cc8C7=C(C#N)C#N)sc6c5n(CC)c4c3n(CC)c21,PBDB-T,[H]C1=CC2=C(S1)C(C3=CC=C(CC(CC)CCCC)S3)=C4C(SC(C5=CC=C(C6=C7C(C(C8=C(CC(CC)CCCC)SC(CC(CC)CCCC)=C8C7=O)=O)=C(C9=CC=C([H])S9)S6)S5)=C4)=C2C%10=CC=C(CC(CC)CCCC)S%10,,,,,,,0.86,24.71,"0,710","15,400",10.1039/C9TA11285E,,,,,,,,,,
TPT10,CCOc1nc2cc(F)c(F)c(-c3ccc(-c4c(F)c(F)c(-c5ccc(-c6c(F)c(F)c(-c7cccs7)c7nc(C)c(OCC)nc67)s5)c5nc(C)c(OCC)nc45)s3)c2nc1C,PTQ11,CCCCCCCCC(COC1=NC2=C(C(C3=CC=CS3)=C(C(F)=C2C)F)N=C1C)CCCCCC,,,,,,,0.88,24.79,"0,748","15,380",10.1021/jacs.9b09939,,,,,,,,,,
Y6,CCc1c(/C=C2\C(=O)c3cc(F)c(F)cc3C2=C(C#N)C#N)sc2c1sc1c3c4nsnc4c4c5sc6cc(/C=C7\C(=O)c8cc(F)c(F)cc8C7=C(C#N)C#N)sc6c5n(CC)c4c3n(CC)c21,W1,CCc1c(/C=C2\C(=O)c3cc(F)c(F)cc3C2=C(C#N)C#N)sc2c1sc1c3c4nsnc4c4c5sc6cc(/C=C7\C(=O)c8cc(F)c(F)cc8C7=C(C#N)C#N)sc6c5n(CC)c4c3n(CC)c21,,,,,,,0.88,25.87,"0,707","15,380",10.1016/j.scib.2019.11.030,,,,,,,,,,
BTIC-2Br-m,CCc1c(/C=C2\C(=O)c3ccc(Br)cc3C2=C(C#N)C#N)sc2c1sc1c3c4nsnc4c4c5sc6c(CC)c(/C=C7\C(=O)c8ccc(Br)cc8C7=C(C#N)C#N)sc6c5n(CC)c4c3n(CC)c21,PBDB-TF,[H]C(S1)=CC2=C1C(C3=CC(F)=C(CC(CC)CCCC)S3)=C(C=C(C4=CC=C(C5=C6C(C(C7=C(CC(CC)CCCC)SC(CC(CC)CCCC)=C7C6=O)=O)=C(C8=CC=C([H])S8)S5)S4)S9)C9=C2C%10=CC(F)=C(CC(CC)CCCC)S%10,,,,,,,0.88,25.03,"0,731","15,370",10.1002/advs.201903784,,,,,,,,,,
Y6,CCc1c(/C=C2\C(=O)c3cc(F)c(F)cc3C2=C(C#N)C#N)sc2c1sc1c3c4nsnc4c4c5sc6cc(/C=C7\C(=O)c8cc(F)c(F)cc8C7=C(C#N)C#N)sc6c5n(CC)c4c3n(CC)c21,Qx-12F,CCc1c(/C=C2\C(=O)c3cc(F)c(F)cc3C2=C(C#N)C#N)sc2c1sc1c3c4nsnc4c4c5sc6cc(/C=C7\C(=O)c8cc(F)c(F)cc8C7=C(C#N)C#N)sc6c5n(CC)c4c3n(CC)c21,,,,,,,0.847,24.55,"0,729","15,370",10.1039/D1TA01500A,,,,,,,,,,
Y6,CCc1c(/C=C2\C(=O)c3cc(F)c(F)cc3C2=C(C#N)C#N)sc2c1sc1c3c4nsnc4c4c5sc6cc(/C=C7\C(=O)c8cc(F)c(F)cc8C7=C(C#N)C#N)sc6c5n(CC)c4c3n(CC)c21,TPD-3,CCc1c(/C=C2\C(=O)c3cc(F)c(F)cc3C2=C(C#N)C#N)sc2c1sc1c3c4nsnc4c4c5sc6cc(/C=C7\C(=O)c8cc(F)c(F)cc8C7=C(C#N)C#N)sc6c5n(CC)c4c3n(CC)c21,,,,,,,0.83,26.7,"0,685","15,300",10.1002/aenm.202102648,,,,,,,,,,
Y6,CCc1c(/C=C2\C(=O)c3cc(F)c(F)cc3C2=C(C#N)C#N)sc2c1sc1c3c4nsnc4c4c5sc6cc(/C=C7\C(=O)c8cc(F)c(F)cc8C7=C(C#N)C#N)sc6c5n(CC)c4c3n(CC)c21,D16,CCc1c(/C=C2\C(=O)c3cc(F)c(F)cc3C2=C(C#N)C#N)sc2c1sc1c3c4nsnc4c4c5sc6cc(/C=C7\C(=O)c8cc(F)c(F)cc8C7=C(C#N)C#N)sc6c5n(CC)c4c3n(CC)c21,,,,,,,0.85,25.41,"0,749","15,300",10.1016/j.scib.2019.10.002,,,,,,,,,,
HDO-4Cl,CCOc1c(/C=C2\C(=O)c3cc(Cl)c(Cl)cc3C2=C(C#N)C#N)sc2c1sc1c3c4nsnc4c4c5sc6c(OCC)c(/C=C7\C(=O)c8cc(Cl)c(Cl)cc8C7=C(C#N)C#N)sc6c5n(CC)c4c3n(CC)c21,PBDB-TF,[H]C(S1)=CC2=C1C(C3=CC(F)=C(CC(CC)CCCC)S3)=C(C=C(C4=CC=C(C5=C6C(C(C7=C(CC(CC)CCCC)SC(CC(CC)CCCC)=C7C6=O)=O)=C(C8=CC=C([H])S8)S5)S4)S9)C9=C2C%10=CC(F)=C(CC(CC)CCCC)S%10,,,,,,,0.94,21.9,"0,760","15,300",10.1039/D0QM00633E,,,,,,,,,,
BTP-6F,CCc1c(/C=C2\C(=O)c3c(cc(F)c(F)c3F)C2=C(C#N)C#N)sc2c1sc1c3c4nsnc4c4c5sc6c(CC)c(/C=C7\C(=O)c8c(cc(F)c(F)c8F)C7=C(C#N)C#N)sc6c5n(CC)c4c3n(CC)c21,PBDB-TF,[H]C(S1)=CC2=C1C(C3=CC(F)=C(CC(CC)CCCC)S3)=C(C=C(C4=CC=C(C5=C6C(C(C7=C(CC(CC)CCCC)SC(CC(CC)CCCC)=C7C6=O)=O)=C(C8=CC=C([H])S8)S5)S4)S9)C9=C2C%10=CC(F)=C(CC(CC)CCCC)S%10,,,,,,,0.81,25.9,"0,728","15,300",10.1002/anie.201915030,,,,,,,,,,
Y6-Se,CCc1c(/C=C2\C(=O)c3cc(F)c(F)cc3C2=C(C#N)C#N)sc2c1sc1c3c4n[se]nc4c4c5sc6c(CC)c(/C=C7\C(=O)c8cc(F)c(F)cc8C7=C(C#N)C#N)sc6c5n(CC)c4c3n(CC)c21,PBDB-TF,[H]C(S1)=CC2=C1C(C3=CC(F)=C(CC(CC)CCCC)S3)=C(C=C(C4=CC=C(C5=C6C(C(C7=C(CC(CC)CCCC)SC(CC(CC)CCCC)=C7C6=O)=O)=C(C8=CC=C([H])S8)S5)S4)S9)C9=C2C%10=CC(F)=C(CC(CC)CCCC)S%10,,,,,,,0.82,25.47,"0,750","15,300",10.1039/D0TA06658C,,,,,,,,,,
Y6,CCc1c(/C=C2\C(=O)c3cc(F)c(F)cc3C2=C(C#N)C#N)sc2c1sc1c3c4nsnc4c4c5sc6cc(/C=C7\C(=O)c8cc(F)c(F)cc8C7=C(C#N)C#N)sc6c5n(CC)c4c3n(CC)c21,PBCT-2F,CCc1c(/C=C2\C(=O)c3cc(F)c(F)cc3C2=C(C#N)C#N)sc2c1sc1c3c4nsnc4c4c5sc6cc(/C=C7\C(=O)c8cc(F)c(F)cc8C7=C(C#N)C#N)sc6c5n(CC)c4c3n(CC)c21,,,,,,,0.85,27.2,"0,743","15,220",10.1039/D1EE01957K,,,,,,,,,,
Y18,CCc1c(/C=C2\C(=O)c3cc(F)c(F)cc3C2=C(C#N)C#N)sc2c1sc1c3c4nn(CC)nc4c4c5sc6c(CC)c(/C=C7\C(=O)c8cc(F)c(F)cc8C7=C(C#N)C#N)sc6c5n(CC)c4c3n(CC)c21,PBDB-TF,[H]C(S1)=CC2=C1C(C3=CC(F)=C(CC(CC)CCCC)S3)=C(C=C(C4=CC=C(C5=C6C(C(C7=C(CC(CC)CCCC)SC(CC(CC)CCCC)=C7C6=O)=O)=C(C8=CC=C([H])S8)S5)S4)S9)C9=C2C%10=CC(F)=C(CC(CC)CCCC)S%10,,,,,,,0.84,24.91,"0,764","15,180",10.1039/D0TA01260B,,,,,,,,,,
AQx-2,CCc1c(/C=C2\C(=O)c3cc(F)c(F)cc3C2=C(C#N)C#N)sc2c1sc1c3c4nccnc4c4c5sc6c(CC)c(/C=C7\C(=O)c8cc(F)c(F)cc8C7=C(C#N)C#N)sc6c5n(CC)c4c3n(CC)c21,PBDB-TF,[H]C(S1)=CC2=C1C(C3=CC(F)=C(CC(CC)CCCC)S3)=C(C=C(C4=CC=C(C5=C6C(C(C7=C(CC(CC)CCCC)SC(CC(CC)CCCC)=C7C6=O)=O)=C(C8=CC=C([H])S8)S5)S4)S9)C9=C2C%10=CC(F)=C(CC(CC)CCCC)S%10,,,,,,,0.86,25.38,"0,763","15,170",10.1002/adma.201906324,,,,,,,,,,
Y6,CCc1c(/C=C2\C(=O)c3cc(F)c(F)cc3C2=C(C#N)C#N)sc2c1sc1c3c4nsnc4c4c5sc6cc(/C=C7\C(=O)c8cc(F)c(F)cc8C7=C(C#N)C#N)sc6c5n(CC)c4c3n(CC)c21,PM6,FC1=C(CC(CCCC)CC)SC(C2=C(C=C(C3=CC=C(C4=C5C(C(C6=C(CC(CC)CCCC)SC(CC(CCCC)CC)=C6C5=O)=O)=C(C7=CC=C([H])S7)S4)S3)S8)C8=C(C9=CC(F)=C(CC(CCCC)CC)S9)C%10=C2SC([H])=C%10)=C1,,,,,,,"0,857","25,050","0,720","15,140",https://doi.org/10.1002/aenm.201901728,,,,,,,,,,
Y6,CCc1c(/C=C2\C(=O)c3cc(F)c(F)cc3C2=C(C#N)C#N)sc2c1sc1c3c4nsnc4c4c5sc6cc(/C=C7\C(=O)c8cc(F)c(F)cc8C7=C(C#N)C#N)sc6c5n(CC)c4c3n(CC)c21,PM6,FC1=C(CC(CCCC)CC)SC(C2=C(C=C(C3=CC=C(C4=C5C(C(C6=C(CC(CC)CCCC)SC(CC(CCCC)CC)=C6C5=O)=O)=C(C7=CC=C([H])S7)S4)S3)S8)C8=C(C9=CC(F)=C(CC(CCCC)CC)S9)C%10=C2SC([H])=C%10)=C1,,,,,,,"0,845","24,890","0,744","15,060",https://doi.org/10.1002/adma.201902210,,,,,,,,,,
Y6,CCc1c(/C=C2\C(=O)c3cc(F)c(F)cc3C2=C(C#N)C#N)sc2c1sc1c3c4nsnc4c4c5sc6cc(/C=C7\C(=O)c8cc(F)c(F)cc8C7=C(C#N)C#N)sc6c5n(CC)c4c3n(CC)c21,PBDB-TF,[H]C(S1)=CC2=C1C(C3=CC(F)=C(CC(CC)CCCC)S3)=C(C=C(C4=CC=C(C5=C6C(C(C7=C(CC(CC)CCCC)SC(CC(CC)CCCC)=C7C6=O)=O)=C(C8=CC=C([H])S8)S5)S4)S9)C9=C2C%10=CC(F)=C(CC(CC)CCCC)S%10,,,,,,,"0,834","24,800","0,741","15,000",https://doi.org/10.1002/adma.201902302,,,,,,,,,,
BTP-4F-8,CCCCCCCC(CC)n%12c4c3sc(C=c2c(=O)c1cc(F)c(F)cc1c2=C(C#N)C#N)c([\( \ce{C])c3sc4c%11c5nsnc5c%10c9sc8c([\( \ce{C])c(C=c7c(=O)c6cc(F)c(F)cc6c7=C(C#N)C#N)sc8c9n(CC(CC)CCCCCC)c%10c%11%12.C,PBDB-TF,[H]C(S1)=CC2=C1C(C3=CC(F)=C(CC(CC)CCCC)S3)=C(C=C(C4=CC=C(C5=C6C(C(C7=C(CC(CC)CCCC)SC(CC(CC)CCCC)=C7C6=O)=O)=C(C8=CC=C([H])S8)S5)S4)S9)C9=C2C%10=CC(F)=C(CC(CC)CCCC)S%10,,,,,,,0.841,24.6,0.74,15.3,https://doi.org/10.1002/adma.201903441,,,,,,,,,,
N3,CCc1csc(-c2cc3c4nsnc4c4cc(-c5cc(CC)c(-c6cc7c(-c8cc(F)c(CC)s8)c8sc(-c9sc(-c%10cc%11c%12nsnc%12c%12cc(-c%13cc(CC)c(-c%14cc%15c(-c%16cc(F)c(CC)s%16)c%16sc(-c%17sc(-c%18cc%19c%20nsnc%20c%20cc(-c%21cc(CC)c(-c%22cc%23c(-c%24cc(F)c(CC)s%24)c%24sccc%24c(-c%24cc(F)c(CC)s%24)c%23s%22)s%21)sc%20c%19s%18)cc%17CC)cc%16c(-c%16cc(F)c(CC)s%16)c%15s%14)s%13)sc%12c%11s%10)cc9CC)cc8c(-c8cc(F)c(CC)s8)c7s6)s5)sc4c3s2)c1,D18,CC(C)NC(c1ccc(cc1)c2ccc(o2)c3ccc(cc3)C(N)NC(C)C)N,,,,,,,0.86,27.44,0.785,18.56,https://doi.org/10.1088/1674-4926/42/1/010502,,,,,,,,,,
BTP-4F-12,CCCCCCCCC(CCCC)Cn%12c4c3sc(C=c2c(=O)c1cc(F)c(F)cc1c2=C(C#N)C#N)c([\( \ce{C])c3sc4c%11c5nsnc5c%10c9sc8c([\( \ce{C])c(C=c7c(=O)c6cc(F)c(F)cc6c7=C(C#N)C#N)sc8c9n(CC(CCCC)CCCCCCCC)c%10c%11%12.C.C,PBDB-TF,[H]C(S1)=CC2=C1C(C3=CC(F)=C(CC(CC)CCCC)S3)=C(C=C(C4=CC=C(C5=C6C(C(C7=C(CC(CC)CCCC)SC(CC(CC)CCCC)=C7C6=O)=O)=C(C8=CC=C([H])S8)S5)S4)S9)C9=C2C%10=CC(F)=C(CC(CC)CCCC)S%10,,,,,,,0.855,25.3,0.76,16.4,https://doi.org/10.1002/adma.201903441,,,,,,,,,,
m-BTP-C6Ph,CCCCCCc%14cccc(c3c(C=c2c(=O)c1cc(F)c(F)cc1c2=C(C#N)C#N)sc%12c3sc%13c%11c4nsnc4c%10c9sc8c(c5cccc(CCCCCC)c5)c(C=c7c(=O)c6cc(F)c(F)cc6c7=C(C#N)C#N)sc8c9n(CC(CC)CCCC)c%10c%11n(CC(CC)CCCC)c%12%13)c%14.C,PTQ10,CCOc1cnc2c(-c3ccc(-c4c(F)c(F)c(-c5ccc(-c6c(F)c(F)c(-c7cccs7)c7ncc(OCC)nc67)s5)c5ncc(OCC)nc45)s3)c(F)c(F)cc2n1,,,,,,,0.841,26.95,0.783,17.74,,,,,,,,,,,
eC9-2CI,CCc1c(/C=C2\C(=O)c3ccc(Cl)cc3C2=C(C#N)C#N)sc2c1sc1c3c4nsnc4c4c5sc6c(CC)c(/C=C7\C(=O)c8ccc(Cl)cc8C7=C(C#N)C#N)sc6c5n(CC)c4c3n(CC)c21,PBQx-TF,CCc1csc(-c2cc3c(s2)-c2sc(-c4cc(CC)c(-c5cc6c(-c7cc(F)c(CC)s7)c7sc(-c8sc(-c9cc%10c(s9)-c9sc(-c%11cc(CC)c(-c%12cc%13c(-c%14cc(F)c(CC)s%14)c%14sc(-c%15sc(-c%16cc%17c(s%16)-c%16sc(-c%18cc(CC)c(-c%19cc%20c(-c%21cc(F)c(CC)s%21)c%21sccc%21c(-c%21cc(F)c(CC)s%21)c%20s%19)s%18)cc%16[C@H]%16N=CC=N[C@H]%17%16)cc%15CC)cc%14c(-c%14cc(F)c(CC)s%14)c%13s%12)s%11)cc9[C@H]9N=CC=N[C@H]%109)cc8CC)cc7c(-c7cc(F)c(CC)s7)c6s5)s4)cc2[C@H]2N=CC=N[C@H]32)c1,,,,,,,0.868,25.9,0.786,17.7,10.1002/adma.202102420,,,,,,,,,,
BTP-4Cl,CCc1c(/C=C2\C(=O)c3cc(Cl)c(Cl)cc3C2=C(C#N)C#N)sc2c1sc1c3c4nsnc4c4c5sc6c(CC)c(/C=C7\C(=O)c8cc(Cl)c(Cl)cc8C7=C(C#N)C#N)sc6c5n(CC)c4c3n(CC)c21,PBDB-TF,CCc1sc(-c2c3cc(-c4ccc(-c5sc(-c6ccc(-c7cc8c(-c9cc(F)c(CC)s9)c9sc(-c%10ccc(-c%11sc(-c%12ccc(-c%13cc%14c(-c%15cc(F)c(CC)s%15)c%15sc(-c%16ccc(-c%17sc(-c%18cccs%18)c%18c%17C(=O)c%17c(CC)sc(CC)c%17C%18=O)s%16)cc%15c(-c%15cc(F)c(CC)s%15)c%14s%13)s%12)c%12c%11C(=O)c%11c(CC)sc(CC)c%11C%12=O)s%10)cc9c(-c9cc(F)c(CC)s9)c8s7)s6)c6c5C(=O)c5c(CC)sc(CC)c5C6=O)s4)sc3c(-c3cc(F)c(CC)s3)c3ccsc23)cc1F,,,,,,,0.838,26.7,0.79,17.7,10.1002/anie.202102622,,,,,,,,,,
Y6-Se,CCc1c(/C=C2\C(=O)c3cc(F)c(F)cc3C2=C(C#N)C#N)sc2c1sc1c3c4n[se]nc4c4c5sc6c(CC)c(/C=C7\C(=O)c8cc(F)c(F)cc8C7=C(C#N)C#N)sc6c5n(CC)c4c3n(CC)c21,D18,CCc1csc(-c2cc3c4nsnc4c4cc(-c5cc(CC)c(-c6cc7c(-c8cc(F)c(CC)s8)c8sc(-c9sc(-c%10cc%11c%12nsnc%12c%12cc(-c%13cc(CC)c(-c%14cc%15c(-c%16cc(F)c(CC)s%16)c%16sc(-c%17sc(-c%18cc%19c%20nsnc%20c%20cc(-c%21cc(CC)c(-c%22cc%23c(-c%24cc(F)c(CC)s%24)c%24sccc%24c(-c%24cc(F)c(CC)s%24)c%23s%22)s%21)sc%20c%19s%18)cc%17CC)cc%16c(-c%16cc(F)c(CC)s%16)c%15s%14)s%13)sc%12c%11s%10)cc9CC)cc8c(-c8cc(F)c(CC)s8)c7s6)s5)sc4c3s2)c1,,,,,,,0.839,27.98,0.753,17.7,10.1021/jacs.0c08557,,,,,,,,,,
eC9,CCc1sc(CC)c2c1C(=O)c1c(-c3ccc(-c4cc(F)cs4)s3)sc(-c3ccc(-c4cc(F)c(-c5sc(-c6ccc(-c7sc(-c8ccc(-c9cc(F)c(-c%10sc(-c%11ccc(-c%12sc(-c%13ccc(-c%14cc(F)cs%14)s%13)c%13c%12C(=O)c%12c(CC)sc(CC)c%12C%13=O)s%11)cc%10F)s9)s8)c8c7C(=O)c7c(CC)sc(CC)c7C8=O)s6)cc5F)s4)s3)c1C2=O,P5T-2F,CCc1c(/C=C2\C(=O)c3cc(Cl)c(Cl)cc3C2=C(C#N)C#N)sc2c1sc1c3c4nsnc4c4c5sc6c(CC)c(/C=C7\C(=O)c8cc(Cl)c(Cl)cc8C7=C(C#N)C#N)sc6c5n(CC)c4c3n(CC)c21,,,,,,,0.837B,26.5,0.789,17.7,10.1021/acsmaterialslett.1c00328,,,,,,,,,,
Y6,CCc1c(/C=C2\C(=O)c3cc(F)c(F)cc3C2=C(C#N)C#N)sc2c1sc1c3c4nsnc4c4c5sc6cc(/C=C7\C(=O)c8cc(F)c(F)cc8C7=C(C#N)C#N)sc6c5n(CC)c4c3n(CC)c21,PM7,CC1(C2CC34CCCN3CC2(CC5=C1NC6=CC=CC=C56)NC4=O)C,,,,,,,"0,875","24,200","0,728",17.7,https://doi.org/10.1039/C9TA06929A,,,,,,,,,,
Y6,CCc1c(/C=C2\C(=O)c3cc(F)c(F)cc3C2=C(C#N)C#N)sc2c1sc1c3c4nsnc4c4c5sc6cc(/C=C7\C(=O)c8cc(F)c(F)cc8C7=C(C#N)C#N)sc6c5n(CC)c4c3n(CC)c21,PBDB-T-SF,CCCCC(SC1=C(C=C(S1)C2=C3C=C(SC3=C(C4=C2SC=C4)C5=CC(F)=C(S5)SC(CCCC)CC)C6=CC=C(S6)C7=C8C(C9=C(SC(C(CCCC)CC)=C9C(C8=C(S7)C%10=CC=CS%10)=O)C(CCCC)CC)=O)F)CC,,,,,,,"0,864","24,680","0,712",17.7,https://doi.org/10.1039/C9MH00844F,,,,,,,,,,
Y6,CCc1c(/C=C2\C(=O)c3cc(F)c(F)cc3C2=C(C#N)C#N)sc2c1sc1c3c4nsnc4c4c5sc6cc(/C=C7\C(=O)c8cc(F)c(F)cc8C7=C(C#N)C#N)sc6c5n(CC)c4c3n(CC)c21,PM6,FC1=C(CC(CCCC)CC)SC(C2=C(C=C(C3=CC=C(C4=C5C(C(C6=C(CC(CC)CCCC)SC(CC(CCCC)CC)=C6C5=O)=O)=C(C7=CC=C([H])S7)S4)S3)S8)C8=C(C9=CC(F)=C(CC(CCCC)CC)S9)C%10=C2SC([H])=C%10)=C1,,,,,,,"0,845","25,510","0,784",17.7,https://doi.org/10.1038/s41467-020-16509-w,,,,,,,,,,
Y6,CCc1c(/C=C2\C(=O)c3cc(F)c(F)cc3C2=C(C#N)C#N)sc2c1sc1c3c4nsnc4c4c5sc6cc(/C=C7\C(=O)c8cc(F)c(F)cc8C7=C(C#N)C#N)sc6c5n(CC)c4c3n(CC)c21,PM6,FC1=C(CC(CCCC)CC)SC(C2=C(C=C(C3=CC=C(C4=C5C(C(C6=C(CC(CC)CCCC)SC(CC(CCCC)CC)=C6C5=O)=O)=C(C7=CC=C([H])S7)S4)S3)S8)C8=C(C9=CC(F)=C(CC(CCCC)CC)S9)C%10=C2SC([H])=C%10)=C1,,,,,,,"0,847","25,890","0,786",17.7,https://doi.org/10.1038/s41467-020-16509-w,,,,,,,,,,
BTP-S9,CCc1c(/C=C2\C(=O)c3cc(Cl)c(Cl)cc3C2=C(C#N)C#N)sc2c1sc1c3c4nsnc4c4c5sc6c(CC)c(/C=C7\C(=O)c8cc9cc(F)c(F)cc9cc8C7=C(C#N)C#N)sc6c5n(CC)c4c3n(CC)c21,PBDB-TF,CCc1sc(-c2c3cc(-c4ccc(-c5sc(-c6ccc(-c7cc8c(-c9cc(F)c(CC)s9)c9sc(-c%10ccc(-c%11sc(-c%12ccc(-c%13cc%14c(-c%15cc(F)c(CC)s%15)c%15sc(-c%16ccc(-c%17sc(-c%18cccs%18)c%18c%17C(=O)c%17c(CC)sc(CC)c%17C%18=O)s%16)cc%15c(-c%15cc(F)c(CC)s%15)c%14s%13)s%12)c%12c%11C(=O)c%11c(CC)sc(CC)c%11C%12=O)s%10)cc9c(-c9cc(F)c(CC)s9)c8s7)s6)c6c5C(=O)c5c(CC)sc(CC)c5C6=O)s4)sc3c(-c3cc(F)c(CC)s3)c3ccsc23)cc1F,,,,,,,0.846,26.47,0.7844,17.56,10.1038/s41467-021-24937-5,,,,,,,,,,
Y6,CCc1c(/C=C2\C(=O)c3cc(F)c(F)cc3C2=C(C#N)C#N)sc2c1sc1c3c4nsnc4c4c5sc6cc(/C=C7\C(=O)c8cc(F)c(F)cc8C7=C(C#N)C#N)sc6c5n(CC)c4c3n(CC)c21,PM6,FC1=C(CC(CCCC)CC)SC(C2=C(C=C(C3=CC=C(C4=C5C(C(C6=C(CC(CC)CCCC)SC(CC(CCCC)CC)=C6C5=O)=O)=C(C7=CC=C([H])S7)S4)S3)S8)C8=C(C9=CC(F)=C(CC(CCCC)CC)S9)C%10=C2SC([H])=C%10)=C1,,,,,,,"0,821","25,580","0,722",17.56,https://doi.org/10.1038/s41467-020-16509-w,,,,,,,,,,
N3,CCc1csc(-c2cc3c4nsnc4c4cc(-c5cc(CC)c(-c6cc7c(-c8cc(F)c(CC)s8)c8sc(-c9sc(-c%10cc%11c%12nsnc%12c%12cc(-c%13cc(CC)c(-c%14cc%15c(-c%16cc(F)c(CC)s%16)c%16sc(-c%17sc(-c%18cc%19c%20nsnc%20c%20cc(-c%21cc(CC)c(-c%22cc%23c(-c%24cc(F)c(CC)s%24)c%24sccc%24c(-c%24cc(F)c(CC)s%24)c%23s%22)s%21)sc%20c%19s%18)cc%17CC)cc%16c(-c%16cc(F)c(CC)s%16)c%15s%14)s%13)sc%12c%11s%10)cc9CC)cc8c(-c8cc(F)c(CC)s8)c7s6)s5)sc4c3s2)c1,PFNT-CI,CCCCCCCCc1cc(-c2cc3c(s2)c2sc(-c4cc(CCCCCCCC)c(-c5cc6c(-c7cc(Cl)c(CC(CCCCCC)CCCCCCCC)s7)c7sc(C)cc7c(-c7cc(Cl)c(CC(CCCCCC)CCCCCCCC)s7)c6s5)s4)cc2c2c(F)c(F)c(F)c(F)c32)sc1C,,,,,,,0.842,26.03,0.8,17.53,https://doi.org/10.1002/anie.202215930,,,,,,,,,,
Y6,CCc1c(/C=C2\C(=O)c3cc(F)c(F)cc3C2=C(C#N)C#N)sc2c1sc1c3c4nsnc4c4c5sc6cc(/C=C7\C(=O)c8cc(F)c(F)cc8C7=C(C#N)C#N)sc6c5n(CC)c4c3n(CC)c21,PTQ10,CCOc1cnc2c(-c3ccc(-c4c(F)c(F)c(-c5ccc(-c6c(F)c(F)c(-c7cccs7)c7ncc(OCC)nc67)s5)c5ncc(OCC)nc45)s3)c(F)c(F)cc2n1,,,,,,,0.831,26.28,0/784,17.13,,,,,,,,,,,
Y6,CCc1c(/C=C2\C(=O)c3cc(F)c(F)cc3C2=C(C#N)C#N)sc2c1sc1c3c4nsnc4c4c5sc6cc(/C=C7\C(=O)c8cc(F)c(F)cc8C7=C(C#N)C#N)sc6c5n(CC)c4c3n(CC)c21,PM6,FC1=C(CC(CCCC)CC)SC(C2=C(C=C(C3=CC=C(C4=C5C(C(C6=C(CC(CC)CCCC)SC(CC(CCCC)CC)=C6C5=O)=O)=C(C7=CC=C([H])S7)S4)S3)S8)C8=C(C9=CC(F)=C(CC(CCCC)CC)S9)C%10=C2SC([H])=C%10)=C1,,,,,,,"0,820","25,200","0,761",17.13,https://doi.org/10.1016/j.joule.2019.01.004,,,,,,,,,,
p-BTP-C6Ph,CCCCCCc%14ccc(c3c(C=c2c(=O)c1cc(F)c(F)cc1c2=C(C#N)C#N)sc%12c3sc%13c%11c4nsnc4c%10c9sc8c(c5ccc(CCCCCC)cc5)c(C=c7c(=O)c6cc(F)c(F)cc6c7=C(C#N)C#N)sc8c9n(CC(CC)CCCC)c%10c%11n(CC(CC)CCCC)c%12%13)cc%14.C.C.C,PTQ10,CCOc1cnc2c(-c3ccc(-c4c(F)c(F)c(-c5ccc(-c6c(F)c(F)c(-c7cccs7)c7ncc(OCC)nc67)s5)c5ncc(OCC)nc45)s3)c(F)c(F)cc2n1,,,,,,,0.888,24.7,0.779,17.1,,,,,,,,,,,
Y6,CCc1c(/C=C2\C(=O)c3cc(F)c(F)cc3C2=C(C#N)C#N)sc2c1sc1c3c4nsnc4c4c5sc6cc(/C=C7\C(=O)c8cc(F)c(F)cc8C7=C(C#N)C#N)sc6c5n(CC)c4c3n(CC)c21,PBCT-2F,CCc1csc(-c2cc(C#N)c(-c3cc(CC)c(-c4cc5c(-c6cc(F)c(CC)s6)c6sc(-c7sc(-c8cc(C#N)c(-c9cc(CC)c(-c%10cc%11c(-c%12cc(F)c(CC)s%12)c%12sc(-c%13sc(-c%14cc(C#N)c(-c%15cc(CC)c(-c%16cc%17c(-c%18cc(F)c(CC)s%18)c%18sccc%18c(-c%18cc(F)c(CC)s%18)c%17s%16)s%15)s%14)cc%13CC)cc%12c(-c%12cc(F)c(CC)s%12)c%11s%10)s9)s8)cc7CC)cc6c(-c6cc(F)c(CC)s6)c5s4)s3)s2)c1,,,,,,,0.85,27.2,0.743,17.1,10.1039/D1EE01957K,,,,,,,,,,
BTP-4F,c1c(c(cc2c1C(=C(C#N)C#N)/C(=C/c1sc3c(c1CCCCCCCCCCC)sc1c3nh(c3c1c1c(c4c3n(c3c4sc4c3s/c(=C\C3=C(c5c(C3=O)cc(c(c 5)F)F)[C](C#N)C#N)/c4CCCCCCCCCCC)C[C@@H](CCCCC C)CCCC)ns[n]1)C[C@H](CCCC)CCCCCC)/C2=O)F)F,PBDB-TF,[H]C(S1)=CC2=C1C(C3=CC(F)=C(CC(CC)CCCC)S3)=C(C=C(C4=CC=C(C5=C6C(C(C7=C(CC(CC)CCCC)SC(CC(CC)CCCC)=C7C6=O)=O)=C(C8=CC=C([H])S8)S5)S4)S9)C9=C2C%10=CC(F)=C(CC(CC)CCCC)S%10,,,,,,,0.834,24.9,0.753,17.1,https://doi.org/10.1038/s41467-019-10351-5,,,,,,,,,,
CH1007,CCc1c(/C=C2\C(=O)c3cc(F)c(F)cc3C2=C(C#N)C#N)[se]c2c1sc1c3c4nsnc4c4c5sc6c(CC)c(/C=C7\C(=O)c8cc(F)c(F)cc8C7=C(C#N)C#N)[se]c6c5n(CC)c4c3n(CC)c12,PBDB-TF,CCc1sc(-c2c3cc(-c4ccc(-c5sc(-c6ccc(-c7cc8c(-c9cc(F)c(CC)s9)c9sc(-c%10ccc(-c%11sc(-c%12ccc(-c%13cc%14c(-c%15cc(F)c(CC)s%15)c%15sc(-c%16ccc(-c%17sc(-c%18cccs%18)c%18c%17C(=O)c%17c(CC)sc(CC)c%17C%18=O)s%16)cc%15c(-c%15cc(F)c(CC)s%15)c%14s%13)s%12)c%12c%11C(=O)c%11c(CC)sc(CC)c%11C%12=O)s%10)cc9c(-c9cc(F)c(CC)s9)c8s7)s6)c6c5C(=O)c5c(CC)sc(CC)c5C6=O)s4)sc3c(-c3cc(F)c(CC)s3)c3ccsc23)cc1F,,,,,,,0.822,27.48,0.7561,17.08,10.1021/jacs.0c07083,,,,,,,,,,
SY2,CCc1sc(-c2c3cc(-c4ccc(-c5sc(-c6ccc(-c7cc8c(-c9cc(F)c(CC)s9)c9sc(-c%10ccc(-c%11sc(-c%12ccc(-c%13cc%14c(-c%15cc(F)c(CC)s%15)c%15sc(-c%16ccc(-c%17sc(-c%18cccs%18)c%18c%17C(=O)c%17c(CC)sc(CC)c%17C%18=O)s%16)cc%15c(-c%15cc(F)c(CC)s%15)c%14s%13)s%12)c%12c%11C(=O)c%11c(CC)sc(CC)c%11C%12=O)s%10)cc9c(-c9cc(F)c(CC)s9)c8s7)s6)c6c5C(=O)c5c(CC)sc(CC)c5C6=O)s4)sc3c(-c3cc(F)c(CC)s3)c3ccsc23)cc1F,PBDB-TF,CCc1sc(-c2c3cc(-c4ccc(-c5sc(-c6ccc(-c7cc8c(-c9cc(F)c(CC)s9)c9sc(-c%10ccc(-c%11sc(-c%12ccc(-c%13cc%14c(-c%15cc(F)c(CC)s%15)c%15sc(-c%16ccc(-c%17sc(-c%18cccs%18)c%18c%17C(=O)c%17c(CC)sc(CC)c%17C%18=O)s%16)cc%15c(-c%15cc(F)c(CC)s%15)c%14s%13)s%12)c%12c%11C(=O)c%11c(CC)sc(CC)c%11C%12=O)s%10)cc9c(-c9cc(F)c(CC)s9)c8s7)s6)c6c5C(=O)c5c(CC)sc(CC)c5C6=O)s4)sc3c(-c3cc(F)c(CC)s3)c3ccsc23)cc1F,,,,,,,0.822,27.48,0.7561,17.08,10.1002/adfm.202000456,,,,,,,,,,
Y6,CCc1c(/C=C2\C(=O)c3cc(F)c(F)cc3C2=C(C#N)C#N)sc2c1sc1c3c4nsnc4c4c5sc6cc(/C=C7\C(=O)c8cc(F)c(F)cc8C7=C(C#N)C#N)sc6c5n(CC)c4c3n(CC)c21,PCT-EHp,CCCC.C.C.C.CCC.CCCCCCCCn%10c(=O)c9c(c1ccc(*(C)C)s1)c2nn(CCC(CC)CCCC)nc2c(c8ccc(c7cc6c(c3cc(Cl)c(CC(CC)CCCC)s3)c4sc(C(C)(C)C)cc4c(c5cc(Cl)c(CC(CC)CCCC)s5)c6s7)s8)c9c%10=O,,,,,,,"0,790","25,700","0,727",17.08,https://doi.org/10.1021/acsenergylett.9b01447,,,,,,,,,,
BTP-2F-ThCl,CCc1c(/C=C2\C(=O)c3cc(F)c(F)cc3C2=C(C#N)C#N)sc2c1sc1c3c4nsnc4c4c5sc6c(CC)c(/C=C7\C(=O)c8c(csc8Cl)C7=C(C#N)C#N)sc6c5n(CC)c4c3n(CC)c21,PBDB-TF,CCc1sc(-c2c3cc(-c4ccc(-c5sc(-c6ccc(-c7cc8c(-c9cc(F)c(CC)s9)c9sc(-c%10ccc(-c%11sc(-c%12ccc(-c%13cc%14c(-c%15cc(F)c(CC)s%15)c%15sc(-c%16ccc(-c%17sc(-c%18cccs%18)c%18c%17C(=O)c%17c(CC)sc(CC)c%17C%18=O)s%16)cc%15c(-c%15cc(F)c(CC)s%15)c%14s%13)s%12)c%12c%11C(=O)c%11c(CC)sc(CC)c%11C%12=O)s%10)cc9c(-c9cc(F)c(CC)s9)c8s7)s6)c6c5C(=O)c5c(CC)sc(CC)c5C6=O)s4)sc3c(-c3cc(F)c(CC)s3)c3ccsc23)cc1F,,,,,,,0.869,25.38,0.774,17.06,10.1016/j.joule.2020.03.023,,,,,,,,,,
Y6,CCc1c(/C=C2\C(=O)c3cc(F)c(F)cc3C2=C(C#N)C#N)sc2c1sc1c3c4nsnc4c4c5sc6cc(/C=C7\C(=O)c8cc(F)c(F)cc8C7=C(C#N)C#N)sc6c5n(CC)c4c3n(CC)c21,P2F-EHp,CCc1c(F)cc(-c2c3cc(-c4ccc(-c5c6c(c(-c7ccc(-c8cc9c(-c%10cc(F)c(CC)c(F)c%10)c%10sc(-c%11ccc(-c%12c%13c(c(-c%14ccc(-c%15cc%16c(-c%17cc(F)c(CC)c(F)c%17)c%17sc(-c%18ccc(-c%19c%20c(c(-c%21cccs%21)c%21nn(CC)nc%19%21)C(=O)N(CC)C%20=O)s%18)cc%17c(-c%17cc(F)c(CC)c(F)c%17)c%16s%15)s%14)c%14nn(CC)nc%12%14)C(=O)N(CC)C%13=O)s%11)cc%10c(-c%10cc(F)c(CC)c(F)c%10)c9s8)s7)c7nn(CC)nc57)C(=O)N(CC)C6=O)s4)sc3c(-c3cc(F)c(CC)c(F)c3)c3ccsc23)cc1F,,,,,,,"0,810","26,110","0,733",17.06,https://doi.org/10.1021/acsenergylett.9b01447,,,,,,,,,,
Y6,CCc1c(/C=C2\C(=O)c3cc(F)c(F)cc3C2=C(C#N)C#N)sc2c1sc1c3c4nsnc4c4c5sc6cc(/C=C7\C(=O)c8cc(F)c(F)cc8C7=C(C#N)C#N)sc6c5n(CC)c4c3n(CC)c21,PBDB-T-2Cl,CCc1sc(-c2c3cc(-c4ccc(-c5sc(-c6ccc(-c7cc8c(-c9cc(Cl)c(CC)s9)c9sc(-c%10ccc(-c%11sc(-c%12ccc(-c%13cc%14c(-c%15cc(Cl)c(CC)s%15)c%15sc(-c%16ccc(-c%17sc(-c%18cccs%18)c%18c%17C(=O)c%17c(CC)sc(CC)c%17C%18=O)s%16)cc%15c(-c%15cc(Cl)c(CC)s%15)c%14s%13)s%12)c%12c%11C(=O)c%11c(CC)sc(CC)c%11C%12=O)s%10)cc9c(-c9cc(Cl)c(CC)s9)c8s7)s6)c6c5C(=O)c5c(CC)sc(CC)c5C6=O)s4)sc3c(-c3cc(Cl)c(CC)s3)c3ccsc23)cc1Cl,,,,,,,0.882,25.605,73.3,17.037,10.1007/s11426-019-9669-3,,,,,,,,,,
Y6,CCc1c(/C=C2\C(=O)c3cc(F)c(F)cc3C2=C(C#N)C#N)sc2c1sc1c3c4nsnc4c4c5sc6cc(/C=C7\C(=O)c8cc(F)c(F)cc8C7=C(C#N)C#N)sc6c5n(CC)c4c3n(CC)c21,PBDB-T-2F,[H]C1=CC2=C(S1)C(C3=CC(F)=C(CC(CC)CCCC)S3)=C4C(SC(C5=CC=C(S5)C6=C7C(C(C8=C(CC(CC)CCCC)SC(CC(CC)CCCC)=C8C7=O)=O)=C(C9=CC=C([H])S9)S6)=C4)=C2C%10=CC(F)=C(CC(CC)CCCC)S%10,,,,,,,"0,850","24,800","0,720",17.037,https://doi.org/10.1002/adma.21902965,,,,,,,,,,
SY1,CCc1c(/C=C2\C(=O)c3ccc(Cl)cc3C2=C(C#N)C#N)sc2c1sc1c3c4nsnc4c4c5sc6c(CC)c(/C=C7\C(=O)c8cc(F)c(F)cc8C7=C(C#N)C#N)sc6c5n(CC)c4c3n(CC)c21,PBDB-TF,CCc1sc(-c2c3cc(-c4ccc(-c5sc(-c6ccc(-c7cc8c(-c9cc(F)c(CC)s9)c9sc(-c%10ccc(-c%11sc(-c%12ccc(-c%13cc%14c(-c%15cc(F)c(CC)s%15)c%15sc(-c%16ccc(-c%17sc(-c%18cccs%18)c%18c%17C(=O)c%17c(CC)sc(CC)c%17C%18=O)s%16)cc%15c(-c%15cc(F)c(CC)s%15)c%14s%13)s%12)c%12c%11C(=O)c%11c(CC)sc(CC)c%11C%12=O)s%10)cc9c(-c9cc(F)c(CC)s9)c8s7)s6)c6c5C(=O)c5c(CC)sc(CC)c5C6=O)s4)sc3c(-c3cc(F)c(CC)s3)c3ccsc23)cc1F,,,,,,,0.871,25.41,0.76,16.83,10.1002/adfm.202000456,,,,,,,,,,
Y6,CCc1c(/C=C2\C(=O)c3cc(F)c(F)cc3C2=C(C#N)C#N)sc2c1sc1c3c4nsnc4c4c5sc6cc(/C=C7\C(=O)c8cc(F)c(F)cc8C7=C(C#N)C#N)sc6c5n(CC)c4c3n(CC)c21,PM6,FC1=C(CC(CCCC)CC)SC(C2=C(C=C(C3=CC=C(C4=C5C(C(C6=C(CC(CC)CCCC)SC(CC(CCCC)CC)=C6C5=O)=O)=C(C7=CC=C([H])S7)S4)S3)S8)C8=C(C9=CC(F)=C(CC(CCCC)CC)S9)C%10=C2SC([H])=C%10)=C1,,,,,,,"0,840","25,500","0,740",16.83,https://doi.org/10.1002/adma.201905645,,,,,,,,,,
LL3,CCc1c(/C=C2\C(=O)c3cc(Cl)c(Cl)cc3C2=C(C#N)C#N)sc2c1sc1c3c4nn(CC)nc4c4c5sc6c(CC)c(/C=C7\C(=O)c8cc9c(cc8C7=C(C#N)C#N)C7C8C=CC(C8)C97)sc6c5n(CC)c4c3n(CC)c21,PBDB-T,CCc1ccc(-c2c3cc(-c4ccc(-c5sc(-c6ccc(-c7cc8c(-c9ccc(CC)s9)c9sc(-c%10ccc(-c%11sc(-c%12ccc(-c%13cc%14c(-c%15ccc(CC)s%15)c%15sc(-c%16ccc(-c%17sc(-c%18cccs%18)c%18c%17C(=O)c%17c(CC)sc(CC)c%17C%18=O)s%16)cc%15c(-c%15ccc(CC)s%15)c%14s%13)s%12)c%12c%11C(=O)c%11c(CC)sc(CC)c%11C%12=O)s%10)cc9c(-c9ccc(CC)s9)c8s7)s6)c6c5C(=O)c5c(CC)sc(CC)c5C6=O)s4)sc3c(-c3ccc(CC)s3)c3ccsc23)s1,,,,,,,0.86,26.97,0.7227,16.82,10.1002/adfm.202103445,,,,,,,,,,
LL3,CCc1c(/C=C2\C(=O)c3cc(Cl)c(Cl)cc3C2=C(C#N)C#N)sc2c1sc1c3c4nn(CC)nc4c4c5sc6c(CC)c(/C=C7\C(=O)c8cc9c(cc8C7=C(C#N)C#N)C7C8C=CC(C8)C97)sc6c5n(CC)c4c3n(CC)c21,PBDB-T,CCc1ccc(-c2c3cc(-c4ccc(-c5sc(-c6ccc(-c7cc8c(-c9ccc(CC)s9)c9sc(-c%10ccc(-c%11sc(-c%12ccc(-c%13cc%14c(-c%15ccc(CC)s%15)c%15sc(-c%16ccc(-c%17sc(-c%18cccs%18)c%18c%17C(=O)c%17c(CC)sc(CC)c%17C%18=O)s%16)cc%15c(-c%15ccc(CC)s%15)c%14s%13)s%12)c%12c%11C(=O)c%11c(CC)sc(CC)c%11C%12=O)s%10)cc9c(-c9ccc(CC)s9)c8s7)s6)c6c5C(=O)c5c(CC)sc(CC)c5C6=O)s4)sc3c(-c3ccc(CC)s3)c3ccsc23)s1,,,,,,,0.86,26.97,0.7227,16.82,10.1002/adfm.202103445,,,,,,,,,,
BTP-ClBr,CCc1c(/C=C2\C(=O)c3c(ccc(Br)c3Cl)C2=C(C#N)C#N)sc2c1sc1c3c4nsnc4c4c5sc6c(CC)c(/C=C7\C(=O)c8c(ccc(Br)c8Cl)C7=C(C#N)C#N)sc6c5n(CC)c4c3n(CC)c21,PBDB-TF,CCc1sc(-c2c3cc(-c4ccc(-c5sc(-c6ccc(-c7cc8c(-c9cc(F)c(CC)s9)c9sc(-c%10ccc(-c%11sc(-c%12ccc(-c%13cc%14c(-c%15cc(F)c(CC)s%15)c%15sc(-c%16ccc(-c%17sc(-c%18cccs%18)c%18c%17C(=O)c%17c(CC)sc(CC)c%17C%18=O)s%16)cc%15c(-c%15cc(F)c(CC)s%15)c%14s%13)s%12)c%12c%11C(=O)c%11c(CC)sc(CC)c%11C%12=O)s%10)cc9c(-c9cc(F)c(CC)s9)c8s7)s6)c6c5C(=O)c5c(CC)sc(CC)c5C6=O)s4)sc3c(-c3cc(F)c(CC)s3)c3ccsc23)cc1F,,,,,,,0.906,23.48,0.79,16.82,10.1002/aenm.202002649,,,,,,,,,,
Y6,CCc1c(/C=C2\C(=O)c3cc(F)c(F)cc3C2=C(C#N)C#N)sc2c1sc1c3c4nsnc4c4c5sc6cc(/C=C7\C(=O)c8cc(F)c(F)cc8C7=C(C#N)C#N)sc6c5n(CC)c4c3n(CC)c21,PM6,FC1=C(CC(CCCC)CC)SC(C2=C(C=C(C3=CC=C(C4=C5C(C(C6=C(CC(CC)CCCC)SC(CC(CCCC)CC)=C6C5=O)=O)=C(C7=CC=C([H])S7)S4)S3)S8)C8=C(C9=CC(F)=C(CC(CCCC)CC)S9)C%10=C2SC([H])=C%10)=C1,,,,,,,"0,837","24,700","0,736",16.82,https://doi.org/10.1021/acs.chemmater.9b02943,,,,,,,,,,
BTP-4F,c1c(c(cc2c1C(=C(C#N)C#N)/C(=C/c1sc3c(c1CCCCCCCCCCC)sc1c3nh(c3c1c1c(c4c3n(c3c4sc4c3s/c(=C\C3=C(c5c(C3=O)cc(c(c 5)F)F)[C](C#N)C#N)/c4CCCCCCCCCCC)C[C@@H](CCCCC C)CCCC)ns[n]1)C[C@H](CCCC)CCCCCC)/C2=O)F)F,PBDB-T-2F,[H]C1=CC2=C(S1)C(C3=CC(F)=C(CC(CC)CCCC)S3)=C4C(SC(C5=CC=C(S5)C6=C7C(C(C8=C(CC(CC)CCCC)SC(CC(CC)CCCC)=C8C7=O)=O)=C(C9=CC=C([H])S9)S6)=C4)=C2C%10=CC(F)=C(CC(CC)CCCC)S%10,,,,,,,0.8,25.2,0.77,16.82,https://doi.org/10.1039/C9TC05301H,,,,,,,,,,
BPT-4F,CCn1c2c3sc(/C=C4\C(=O)c5cc(F)c(F)cc5C4=C(C#N)C#N)cc3sc2c2c3nsnc3c3c4sc5cc(/C=C6\C(=O)c7cc(F)c(F)cc7C6=C(C#N)C#N)sc5c4n(CC)c3c21,SZ5,CCc1csc(-c2nc3sc(-c4cc(CC)c(-c5cc6c(-c7cc(Cl)c(CC)s7)c7sc(-c8ccc(-c9sc(-c%10ccc(-c%11cc%12c(-c%13cc(Cl)c(CC)s%13)c%13sccc%13c(-c%13cc(Cl)c(CC)s%13)c%12s%11)s%10)c%10c9C(=O)c9c(CC)sc(CC)c9C%10=O)s8)cc7c(-c7cc(Cl)c(CC)s7)c6s5)s4)nc3s2)c1,,,,,,,0.853,24.8,0.791,16.8,,,,,,,,,,,
BTP-Ph,CC=c2c(=O)c1cc(F)c(F)cc1c2=C(C#N)C#N.CCCC.CCCC.CCCCCC.CCCCCCc%12ccc(c1csc%10c1sc%11c9c2nsnc2c8c7sc6c(c3ccc(CCCCCC)cc3)c(C=c5c(=O)c4cc(F)c(F)cc4c5=C(C#N)C#N)sc6c7n(CC(CC)CCCC)c8c9n(CC(CC)CCCC)c%10%11)cc%12.CC.CCCC,PTQ10,[H]C1=C(F)C(F)=C(C2=CC=C([H])S2)C3=C1N=C(OCC(CCCCCC)CCCCCCCC)C=N3,,,,,,,"0,882","24,300","0,753",17.1,https://doi.org/10.1002/aenm.20210079,,,,,,,,,,
BTP-S7,CCc1sc(-c2c3cc(-c4ccc(-c5sc(-c6ccc(-c7cc8c(-c9cc(F)c(CC)s9)c9sc(-c%10ccc(-c%11sc(-c%12ccc(-c%13cc%14c(-c%15cc(F)c(CC)s%15)c%15sc(-c%16ccc(-c%17sc(-c%18cccs%18)c%18c%17C(=O)c%17c(CC)sc(CC)c%17C%18=O)s%16)cc%15c(-c%15cc(F)c(CC)s%15)c%14s%13)s%12)c%12c%11C(=O)c%11c(CC)sc(CC)c%11C%12=O)s%10)cc9c(-c9cc(F)c(CC)s9)c8s7)s6)c6c5C(=O)c5c(CC)sc(CC)c5C6=O)s4)sc3c(-c3cc(F)c(CC)s3)c3ccsc23)cc1F,PBDB-TF,CCc1sc(-c2c3cc(-c4ccc(-c5sc(-c6ccc(-c7cc8c(-c9cc(F)c(CC)s9)c9sc(-c%10ccc(-c%11sc(-c%12ccc(-c%13cc%14c(-c%15cc(F)c(CC)s%15)c%15sc(-c%16ccc(-c%17sc(-c%18cccs%18)c%18c%17C(=O)c%17c(CC)sc(CC)c%17C%18=O)s%16)cc%15c(-c%15cc(F)c(CC)s%15)c%14s%13)s%12)c%12c%11C(=O)c%11c(CC)sc(CC)c%11C%12=O)s%10)cc9c(-c9cc(F)c(CC)s9)c8s7)s6)c6c5C(=O)c5c(CC)sc(CC)c5C6=O)s4)sc3c(-c3cc(F)c(CC)s3)c3ccsc23)cc1F,,,,,,,0.861,25.92,0.7509,16.76,10.1038/s41467-021-24937-5,,,,,,,,,,
BTP-Th,CC=c2c(=O)c1cc(F)c(F)cc1c2=C(C#N)C#N.CCCC.CCCC.CCCCCC.CCCCCCCCc%12ccc(c1csc%10c1sc%11c9c2nsnc2c8c7sc6c(c3ccc(CCCCCCCC)s3)c(C=c5c(=O)c4cc(F)c(F)cc4c5=C(C#N)C#N)sc6c7n(CC(CC)CCCC)c8c9n(CC(CC)CCCC)c%10%11)s%12.CC,PTQ10,[H]C1=C(F)C(F)=C(C2=CC=C([H])S2)C3=C1N=C(OCC(CCCCCC)CCCCCCCC)C=N3,,,,,,,0.872,"24,800","0,747",16.8,https://doi.org/10.1002/aenm.20210079,,,,,,,,,,
BTP-PhC6,CCc1ccc(-c2c(/C=C3\C(=O)c4cc(F)c(F)cc4C3=C(C#N)C#N)sc3c2sc2c4c5nsnc5c5c6sc7c(-c8ccc(CC)cc8)c(/C=C8\C(=O)c9cc(F)c(F)cc9C8=C(C#N)C#N)sc7c6n(CC)c5c4n(CC)c32)cc1,PBDB-TF,CCc1sc(-c2c3cc(-c4ccc(-c5sc(-c6ccc(-c7cc8c(-c9cc(F)c(CC)s9)c9sc(-c%10ccc(-c%11sc(-c%12ccc(-c%13cc%14c(-c%15cc(F)c(CC)s%15)c%15sc(-c%16ccc(-c%17sc(-c%18cccs%18)c%18c%17C(=O)c%17c(CC)sc(CC)c%17C%18=O)s%16)cc%15c(-c%15cc(F)c(CC)s%15)c%14s%13)s%12)c%12c%11C(=O)c%11c(CC)sc(CC)c%11C%12=O)s%10)cc9c(-c9cc(F)c(CC)s9)c8s7)s6)c6c5C(=O)c5c(CC)sc(CC)c5C6=O)s4)sc3c(-c3cc(F)c(CC)s3)c3ccsc23)cc1F,,,,,,,0.865,25,0.77,16.7,,,,,,,,,,,
BP5T-4F,CCc1c(/C=C2\C(=O)c3cc(F)c(F)cc3C2=C(C#N)C#N)sc2c1sc1c2sc2c3c4nsnc4c4c5sc6c(CC)c(/C=C7\C(=O)c8cc(F)c(F)cc8C7=C(C#N)C#N)sc6c5n(CC)c4c3n(CC)c12,PBDB-TF,CCc1sc(-c2c3cc(-c4ccc(-c5sc(-c6ccc(-c7cc8c(-c9cc(F)c(CC)s9)c9sc(-c%10ccc(-c%11sc(-c%12ccc(-c%13cc%14c(-c%15cc(F)c(CC)s%15)c%15sc(-c%16ccc(-c%17sc(-c%18cccs%18)c%18c%17C(=O)c%17c(CC)sc(CC)c%17C%18=O)s%16)cc%15c(-c%15cc(F)c(CC)s%15)c%14s%13)s%12)c%12c%11C(=O)c%11c(CC)sc(CC)c%11C%12=O)s%10)cc9c(-c9cc(F)c(CC)s9)c8s7)s6)c6c5C(=O)c5c(CC)sc(CC)c5C6=O)s4)sc3c(-c3cc(F)c(CC)s3)c3ccsc23)cc1F,,,,,,,0.888,24.6,0.763,16.7,10.1002/aenm.202003177,,,,,,,,,,
BTP-C11,CC=c2c(=O)c1cc(F)c(F)cc1c2=C(C#N)C#N.CCCC.CCCC.CCCCCCCCCCCC.CCCCCCCCCCCc3c(C=c2c(=O)c1cc(F)c(F)cc1c2=C(C#N)C#N)sc9c3sc%10c8c4nsnc4c7c6sc5ccsc5c6n(CC(CC)CCCC)c7c8n(CC(CC)CCCC)c9%10,PTQ10,[H]C1=C(F)C(F)=C(C2=CC=C([H])S2)C3=C1N=C(OCC(CCCCCC)CCCCCCCC)C=N3,,,,,,,"0,852","24,700","0,741",16.4,https://doi.org/10.1002/aenm.20210079,,,,,,,,,,
Y6,CCCCCCCCCCCC1=C(SC2=C1SC1=C2N(CC(CC)CCCC)C2=C1C1=NSN=C1C1=C2N(CC(CC)CCCC)C2=C1SC1=C2SC(C=C2C(=O)C3=CC(F)=C(F)C=C3C2=C(C#N)C#N)=C1CCCCCCCCCCC)C=C1C(=O)C2=CC(F)=C(F)C=C2C1=C(C#N)C#N,PTQ10,[H]C1=C(F)C(F)=C(C2=CC=C([H])S2)C3=C1N=C(OCC(CCCCCC)CCCCCCCC)C=N3,,,,,,,"0,870","24,810","0,751",16.7,https://doi.org/10.1002/adma.201905480,,,,,,,,,,
AQx-2,CCc1c(/C=C2\C(=O)c3cc(F)c(F)cc3C2=C(C#N)C#N)sc2c1sc1c3c4nccnc4c4c5sc6c(CC)c(/C=C7\C(=O)c8cc(F)c(F)cc8C7=C(C#N)C#N)sc6c5n(CC)c4c3n(CC)c21,PBDB-TF,CCc1sc(-c2c3cc(-c4ccc(-c5sc(-c6ccc(-c7cc8c(-c9cc(F)c(CC)s9)c9sc(-c%10ccc(-c%11sc(-c%12ccc(-c%13cc%14c(-c%15cc(F)c(CC)s%15)c%15sc(-c%16ccc(-c%17sc(-c%18cccs%18)c%18c%17C(=O)c%17c(CC)sc(CC)c%17C%18=O)s%16)cc%15c(-c%15cc(F)c(CC)s%15)c%14s%13)s%12)c%12c%11C(=O)c%11c(CC)sc(CC)c%11C%12=O)s%10)cc9c(-c9cc(F)c(CC)s9)c8s7)s6)c6c5C(=O)c5c(CC)sc(CC)c5C6=O)s4)sc3c(-c3cc(F)c(CC)s3)c3ccsc23)cc1F,,,,,,,0.86,25.38,0.7625,16.64,10.1002/adma.201906324,,,,,,,,,,
Y6-O,CCOc1c(/C=C2\C(=O)c3cc(F)c(F)cc3C2=C(C#N)C#N)sc2c1sc1c3c4nsnc4c4c5sc6c(OCC)c(/C=C7\C(=O)c8cc(F)c(F)cc8C7=C(C#N)C#N)sc6c5n(CC)c4c3n(CC)c21,PBDB-TF,CCc1sc(-c2c3cc(-c4ccc(-c5sc(-c6ccc(-c7cc8c(-c9cc(F)c(CC)s9)c9sc(-c%10ccc(-c%11sc(-c%12ccc(-c%13cc%14c(-c%15cc(F)c(CC)s%15)c%15sc(-c%16ccc(-c%17sc(-c%18cccs%18)c%18c%17C(=O)c%17c(CC)sc(CC)c%17C%18=O)s%16)cc%15c(-c%15cc(F)c(CC)s%15)c%14s%13)s%12)c%12c%11C(=O)c%11c(CC)sc(CC)c%11C%12=O)s%10)cc9c(-c9cc(F)c(CC)s9)c8s7)s6)c6c5C(=O)c5c(CC)sc(CC)c5C6=O)s4)sc3c(-c3cc(F)c(CC)s3)c3ccsc23)cc1F,,,,,,,0.95,22.4,0.78,16.6,,,,,,,,,,,
Y6-BO,CCCCCCCCCCCc3c(C=c2c(=O)c1cc(F)c(F)cc1c2=C(C#N)C#N)sc%11c3sc%12c%10c4nsnc4c9c8sc7c(CCCCCCCCCCC)c(C=c6c(=O)c5cc(F)c(F)cc5c6=C(C#N)C#N)sc7c8n(CC(CCCC)CCCCCC)c9c%10n(CC(CCCC)CCCCCC)c%11%12,PM6,FC1=C(CC(CCCC)CC)SC(C2=C(C=C(C3=CC=C(C4=C5C(C(C6=C(CC(CC)CCCC)SC(CC(CCCC)CC)=C6C5=O)=O)=C(C7=CC=C([H])S7)S4)S3)S8)C8=C(C9=CC(F)=C(CC(CCCC)CC)S9)C%10=C2SC([H])=C%10)=C1,,,,,,,"0,830","25,800","0,740",16,https://doi.org/10.1002/anie.202016265,,,,,,,,,,
Y11,CCc1sc(-c2c3cc(-c4ccc(-c5sc(-c6ccc(-c7cc8c(-c9cc(F)c(CC)s9)c9sc(-c%10ccc(-c%11sc(-c%12ccc(-c%13cc%14c(-c%15cc(F)c(CC)s%15)c%15sc(-c%16ccc(-c%17sc(-c%18cccs%18)c%18c%17C(=O)c%17c(CC)sc(CC)c%17C%18=O)s%16)cc%15c(-c%15cc(F)c(CC)s%15)c%14s%13)s%12)c%12c%11C(=O)c%11c(CC)sc(CC)c%11C%12=O)s%10)cc9c(-c9cc(F)c(CC)s9)c8s7)s6)c6c5C(=O)c5c(CC)sc(CC)c5C6=O)s4)sc3c(-c3cc(F)c(CC)s3)c3ccsc23)cc1F,PBDB-TF,CCc1sc(-c2c3cc(-c4ccc(-c5sc(-c6ccc(-c7cc8c(-c9cc(F)c(CC)s9)c9sc(-c%10ccc(-c%11sc(-c%12ccc(-c%13cc%14c(-c%15cc(F)c(CC)s%15)c%15sc(-c%16ccc(-c%17sc(-c%18cccs%18)c%18c%17C(=O)c%17c(CC)sc(CC)c%17C%18=O)s%16)cc%15c(-c%15cc(F)c(CC)s%15)c%14s%13)s%12)c%12c%11C(=O)c%11c(CC)sc(CC)c%11C%12=O)s%10)cc9c(-c9cc(F)c(CC)s9)c8s7)s6)c6c5C(=O)c5c(CC)sc(CC)c5C6=O)s4)sc3c(-c3cc(F)c(CC)s3)c3ccsc23)cc1F,,,,,,,0.833,26.74,0.7443,16.54,10.1038/s41566-019-0573-5,,,,,,,,,,
BTP-S2,CCc1c(/C=C2\C(=O)c3cc(Cl)c(Cl)cc3C2=C(C#N)C#N)sc2c1sc1c3c4nsnc4c4c5sc6c(CC)c(/C=C7\C(=O)c8c(Cl)c(Cl)c(Cl)c(Cl)c8C7=C(C#N)C#N)sc6c5n(CC)c4c3n(CC)c21,PBDB-TF,CCc1sc(-c2c3cc(-c4ccc(-c5sc(-c6ccc(-c7cc8c(-c9cc(F)c(CC)s9)c9sc(-c%10ccc(-c%11sc(-c%12ccc(-c%13cc%14c(-c%15cc(F)c(CC)s%15)c%15sc(-c%16ccc(-c%17sc(-c%18cccs%18)c%18c%17C(=O)c%17c(CC)sc(CC)c%17C%18=O)s%16)cc%15c(-c%15cc(F)c(CC)s%15)c%14s%13)s%12)c%12c%11C(=O)c%11c(CC)sc(CC)c%11C%12=O)s%10)cc9c(-c9cc(F)c(CC)s9)c8s7)s6)c6c5C(=O)c5c(CC)sc(CC)c5C6=O)s4)sc3c(-c3cc(F)c(CC)s3)c3ccsc23)cc1F,,,,,,,0.945,24.07,0.7202,16.37,,,,,,,,,,,
m-BTP- PhC6,CCCCCCc%14cccc(c3c(C=c2c(=O)c1cc(F)c(F)cc1c2=C(C#N)C#N)sc%12c3sc%13c%11c4nsnc4c%10c9sc8c(c5cccc(CCCCCC)c5)c(C=c7c(=O)c6cc(F)c(F)cc6c7=C(C#N)C#N)sc8c9n(CC(CC)CCCC)c%10c%11n(CC(CC)CCCC)c%12%13)c%14.C,PTQ10,[H]C1=C(F)C(F)=C(C2=CC=C([H])S2)C3=C1N=C(OCC(CCCCCC)CCCCCCCC)C=N3,,,,,,,"0,878","24,800","0,774",16.37,https://doi.org/10.1039/D0EE03506H,,,,,,,,,,
TPT10,CCOc1nc2cc(F)c(F)c(-c3ccc(-c4c(F)c(F)c(-c5ccc(-c6c(F)c(F)c(-c7cccs7)c7nc(C)c(OCC)nc67)s5)c5nc(C)c(OCC)nc45)s3)c2nc1C,PTQ11,CCCCCCCCC(COC1=NC2=C(C(C3=CC=CS3)=C(C(F)=C2C)F)N=C1C)CCCCCC,,,,,,,0.88,24.79,0.748,16.32,10.1021/jacs.9b09939,,,,,,,,,,
p-BTP- PhC6,CCCCCCc%14ccc(c3c(C=c2c(=O)c1cc(F)c(F)cc1c2=C(C#N)C#N)sc%12c3sc%13c%11c4nsnc4c%10c9sc8c(c5ccc(CCCCCC)cc5)c(C=c7c(=O)c6cc(F)c(F)cc6c7=C(C#N)C#N)sc8c9n(CC(CC)CCCC)c%10c%11n(CC(CC)CCCC)c%12%13)cc%14.C.C.C,PTQ10,[H]C1=C(F)C(F)=C(C2=CC=C([H])S2)C3=C1N=C(OCC(CCCCCC)CCCCCCCC)C=N3,,,,,,,0.888,25,0.779,17.1,https://doi.org/10.1039/D0EE03506H,,,,,,,,,,
BTIC-2Cl-yCF,CCc1c(/C=C2\C(=O)c3cc(C(F)(F)F)ccc3C2=C(C#N)C#N)sc2c1sc1c3c4nsnc4c4c5sc6c(CC)c(/C=C7\C(=O)c8cc(Cl)c(Cl)cc8C7=C(C#N)C#N)sc6c5n(CC)c4c3n(CC)c21,PBDB-TF,CCc1sc(-c2c3cc(-c4ccc(-c5sc(-c6ccc(-c7cc8c(-c9cc(F)c(CC)s9)c9sc(-c%10ccc(-c%11sc(-c%12ccc(-c%13cc%14c(-c%15cc(F)c(CC)s%15)c%15sc(-c%16ccc(-c%17sc(-c%18cccs%18)c%18c%17C(=O)c%17c(CC)sc(CC)c%17C%18=O)s%16)cc%15c(-c%15cc(F)c(CC)s%15)c%14s%13)s%12)c%12c%11C(=O)c%11c(CC)sc(CC)c%11C%12=O)s%10)cc9c(-c9cc(F)c(CC)s9)c8s7)s6)c6c5C(=O)c5c(CC)sc(CC)c5C6=O)s4)sc3c(-c3cc(F)c(CC)s3)c3ccsc23)cc1F,,,,,,,0.84,25.09,0.7699,16.31,,,,,,,,,,,
Y6,CCCCCCCCCCCC1=C(SC2=C1SC1=C2N(CC(CC)CCCC)C2=C1C1=NSN=C1C1=C2N(CC(CC)CCCC)C2=C1SC1=C2SC(C=C2C(=O)C3=CC(F)=C(F)C=C3C2=C(C#N)C#N)=C1CCCCCCCCCCC)C=C1C(=O)C2=CC(F)=C(F)C=C2C1=C(C#N)C#N,PM6,FC1=C(CC(CCCC)CC)SC(C2=C(C=C(C3=CC=C(C4=C5C(C(C6=C(CC(CC)CCCC)SC(CC(CCCC)CC)=C6C5=O)=O)=C(C7=CC=C([H])S7)S4)S3)S8)C8=C(C9=CC(F)=C(CC(CCCC)CC)S9)C%10=C2SC([H])=C%10)=C1,,,,,,,"0,820","25,650","0,762",16.31,https://doi.org/10.1039/C9EE02433F,,,,,,,,,,
BPS-4F,CCn1c2c(sc3cc(/C=C4\C(=O)c5cc(F)c(F)cc5C4=C(C#N)C#N)[se]c32)c2c3nsnc3c3c4sc5cc(/C=C6\C(=O)c7cc(F)c(F)cc7C6=C(C#N)C#N)[se]c5c4n(CC)c3c21,SZ5,CCc1csc(-c2nc3sc(-c4cc(CC)c(-c5cc6c(-c7cc(Cl)c(CC)s7)c7sc(-c8ccc(-c9sc(-c%10ccc(-c%11cc%12c(-c%13cc(Cl)c(CC)s%13)c%13sccc%13c(-c%13cc(Cl)c(CC)s%13)c%12s%11)s%10)c%10c9C(=O)c9c(CC)sc(CC)c9C%10=O)s8)cc7c(-c7cc(Cl)c(CC)s7)c6s5)s4)nc3s2)c1,,,,,,,0.82,25.4,0.779,16.3,,,,,,,,,,,
SY3,CCc1c(/C=C2\C(=O)c3ccc(Cl)cc3C2=C(C#N)C#N)sc2c1sc1c3c4nsnc4c4c5sc6c(CC)c(/C=C7\C(=O)c8cc(Cl)c(Cl)cc8C7=C(C#N)C#N)sc6c5n(CC)c4c3n(CC)c21,PBDB-TF,CCc1sc(-c2c3cc(-c4ccc(-c5sc(-c6ccc(-c7cc8c(-c9cc(F)c(CC)s9)c9sc(-c%10ccc(-c%11sc(-c%12ccc(-c%13cc%14c(-c%15cc(F)c(CC)s%15)c%15sc(-c%16ccc(-c%17sc(-c%18cccs%18)c%18c%17C(=O)c%17c(CC)sc(CC)c%17C%18=O)s%16)cc%15c(-c%15cc(F)c(CC)s%15)c%14s%13)s%12)c%12c%11C(=O)c%11c(CC)sc(CC)c%11C%12=O)s%10)cc9c(-c9cc(F)c(CC)s9)c8s7)s6)c6c5C(=O)c5c(CC)sc(CC)c5C6=O)s4)sc3c(-c3cc(F)c(CC)s3)c3ccsc23)cc1F,,,,,,,0.858,25.54,0.741,16.23,10.1002/adfm.202000456,,,,,,,,,,
Y6,CCc1c(/C=C2\C(=O)c3cc(F)c(F)cc3C2=C(C#N)C#N)sc2c1sc1c3c4nsnc4c4c5sc6cc(/C=C7\C(=O)c8cc(F)c(F)cc8C7=C(C#N)C#N)sc6c5n(CC)c4c3n(CC)c21,L1,CCc1csc(-c2cc3oc(=O)c4cc(-c5cc(CC)c(-c6cc7c(-c8ccc(CC)s8)c8sc(-c9sc(-c%10cc%11oc(=O)c%12cc(-c%13cc(CC)c(-c%14cc%15c(-c%16ccc(CC)s%16)c%16sc(-c%17sc(-c%18cc%19oc(=O)c%20cc(-c%21cc(CC)c(-c%22cc%23c(-c%24ccc(CC)s%24)c%24sccc%24c(-c%24ccc(CC)s%24)c%23s%22)s%21)sc%20c%19s%18)cc%17CC)cc%16c(-c%16ccc(CC)s%16)c%15s%14)s%13)sc%12c%11s%10)cc9CC)cc8c(-c8ccc(CC)s8)c7s6)s5)sc4c3s2)c1,,,,,,,0.85,25.41,0.749,16.22,10.1016/j.scib.2019.10.002,,,,,,,,,,
BTIC-2Br-m,CCc1c(/C=C2\C(=O)c3ccc(Br)cc3C2=C(C#N)C#N)sc2c1sc1c3c4nsnc4c4c5sc6c(CC)c(/C=C7\C(=O)c8ccc(Br)cc8C7=C(C#N)C#N)sc6c5n(CC)c4c3n(CC)c21,PBDB-TF,CCc1sc(-c2c3cc(-c4ccc(-c5sc(-c6ccc(-c7cc8c(-c9cc(F)c(CC)s9)c9sc(-c%10ccc(-c%11sc(-c%12ccc(-c%13cc%14c(-c%15cc(F)c(CC)s%15)c%15sc(-c%16ccc(-c%17sc(-c%18cccs%18)c%18c%17C(=O)c%17c(CC)sc(CC)c%17C%18=O)s%16)cc%15c(-c%15cc(F)c(CC)s%15)c%14s%13)s%12)c%12c%11C(=O)c%11c(CC)sc(CC)c%11C%12=O)s%10)cc9c(-c9cc(F)c(CC)s9)c8s7)s6)c6c5C(=O)c5c(CC)sc(CC)c5C6=O)s4)sc3c(-c3cc(F)c(CC)s3)c3ccsc23)cc1F,,,,,,,0.88,25.03,0.7313,16.11,10.1002/advs.201903784,,,,,,,,,,
Y6-1O,CCOc1c(/C=C2\C(=O)c3cc(F)c(F)cc3C2=C(C#N)C#N)sc2c1sc1c3c4nsnc4c4c5sc6c(CC)c(/C=C7\C(=O)c8cc(F)c(F)cc8C7=C(C#N)C#N)sc6c5n(CC)c4c3n(CC)c21,PBDB-TF,CCc1sc(-c2c3cc(-c4ccc(-c5sc(-c6ccc(-c7cc8c(-c9cc(F)c(CC)s9)c9sc(-c%10ccc(-c%11sc(-c%12ccc(-c%13cc%14c(-c%15cc(F)c(CC)s%15)c%15sc(-c%16ccc(-c%17sc(-c%18cccs%18)c%18c%17C(=O)c%17c(CC)sc(CC)c%17C%18=O)s%16)cc%15c(-c%15cc(F)c(CC)s%15)c%14s%13)s%12)c%12c%11C(=O)c%11c(CC)sc(CC)c%11C%12=O)s%10)cc9c(-c9cc(F)c(CC)s9)c8s7)s6)c6c5C(=O)c5c(CC)sc(CC)c5C6=O)s4)sc3c(-c3cc(F)c(CC)s3)c3ccsc23)cc1F,,,,,,,0.89,23.2,0.783,16.1,,,,,,,,,,,
BTPTT-4F,CCc1c(F)cc(-c2c3cc(-c4ccc(-c5c6c(c(-c7ccc(-c8cc9c(-c%10cc(F)c(CC)c(F)c%10)c%10sc(-c%11ccc(-c%12c%13c(c(-c%14ccc(-c%15cc%16c(-c%17cc(F)c(CC)c(F)c%17)c%17sc(-c%18ccc(-c%19c%20c(c(-c%21cccs%21)c%21nn(CC)nc%19%21)C(=O)N(CC)C%20=O)s%18)cc%17c(-c%17cc(F)c(CC)c(F)c%17)c%16s%15)s%14)c%14nn(CC)nc%12%14)C(=O)N(CC)C%13=O)s%11)cc%10c(-c%10cc(F)c(CC)c(F)c%10)c9s8)s7)c7nn(CC)nc57)C(=O)N(CC)C6=O)s4)sc3c(-c3cc(F)c(CC)c(F)c3)c3ccsc23)cc1F,P2F-Ehp,CCc1c(F)cc(-c2c3cc(-c4ccc(-c5c6c(c(-c7ccc(-c8cc9c(-c%10cc(F)c(CC)c(F)c%10)c%10sc(-c%11ccc(-c%12c%13c(c(-c%14ccc(-c%15cc%16c(-c%17cc(F)c(CC)c(F)c%17)c%17sc(-c%18ccc(-c%19c%20c(c(-c%21cccs%21)c%21nn(CC)nc%19%21)C(=O)N(CC)C%20=O)s%18)cc%17c(-c%17cc(F)c(CC)c(F)c%17)c%16s%15)s%14)c%14nn(CC)nc%12%14)C(=O)N(CC)C%13=O)s%11)cc%10c(-c%10cc(F)c(CC)c(F)c%10)c9s8)s7)c7nn(CC)nc57)C(=O)N(CC)C6=O)s4)sc3c(-c3cc(F)c(CC)c(F)c3)c3ccsc23)cc1F,,,,,,,0.81,26.68,0.7411,16.02,10.1007/s11426-019-9457-5,,,,,,,,,,
Y6-Se,CCc1c(/C=C2\C(=O)c3cc(F)c(F)cc3C2=C(C#N)C#N)sc2c1sc1c3c4n[se]nc4c4c5sc6c(CC)c(/C=C7\C(=O)c8cc(F)c(F)cc8C7=C(C#N)C#N)sc6c5n(CC)c4c3n(CC)c21,PBDB-TF,CCc1sc(-c2c3cc(-c4ccc(-c5sc(-c6ccc(-c7cc8c(-c9cc(F)c(CC)s9)c9sc(-c%10ccc(-c%11sc(-c%12ccc(-c%13cc%14c(-c%15cc(F)c(CC)s%15)c%15sc(-c%16ccc(-c%17sc(-c%18cccs%18)c%18c%17C(=O)c%17c(CC)sc(CC)c%17C%18=O)s%16)cc%15c(-c%15cc(F)c(CC)s%15)c%14s%13)s%12)c%12c%11C(=O)c%11c(CC)sc(CC)c%11C%12=O)s%10)cc9c(-c9cc(F)c(CC)s9)c8s7)s6)c6c5C(=O)c5c(CC)sc(CC)c5C6=O)s4)sc3c(-c3cc(F)c(CC)s3)c3ccsc23)cc1F,,,,,,,0.82,25.47,0.75,16.02,10.1039/D0TA06658C,,,,,,,,,,
Y18,CCc1c(/C=C2\C(=O)c3cc(F)c(F)cc3C2=C(C#N)C#N)sc2c1sc1c3c4nn(CC)nc4c4c5sc6c(CC)c(/C=C7\C(=O)c8cc(F)c(F)cc8C7=C(C#N)C#N)sc6c5n(CC)c4c3n(CC)c21,PBDB-TF,CCc1sc(-c2c3cc(-c4ccc(-c5sc(-c6ccc(-c7cc8c(-c9cc(F)c(CC)s9)c9sc(-c%10ccc(-c%11sc(-c%12ccc(-c%13cc%14c(-c%15cc(F)c(CC)s%15)c%15sc(-c%16ccc(-c%17sc(-c%18cccs%18)c%18c%17C(=O)c%17c(CC)sc(CC)c%17C%18=O)s%16)cc%15c(-c%15cc(F)c(CC)s%15)c%14s%13)s%12)c%12c%11C(=O)c%11c(CC)sc(CC)c%11C%12=O)s%10)cc9c(-c9cc(F)c(CC)s9)c8s7)s6)c6c5C(=O)c5c(CC)sc(CC)c5C6=O)s4)sc3c(-c3cc(F)c(CC)s3)c3ccsc23)cc1F,,,,,,,0.84,24.91,0.764,16.02,10.1039/D0TA01260B,,,,,,,,,,
Y6-2Cl,CCCCCCCCCCCc3c(C=c2c(=O)c1cc(Cl)c(Cl)cc1c2=C(C#N)C#N)sc%11c3sc%12c%10c4nsnc4c9c8sc7c(CCCCCCCCCCC)c(C=c6c(=O)c5cc(Cl)c(Cl)cc5c6=C(C#N)C#N)sc7c8n(CC(CC)CCCC)c9c%10n(CC(CC)CCCC)c%11%12,PM6,FC1=C(CC(CCCC)CC)SC(C2=C(C=C(C3=CC=C(C4=C5C(C(C6=C(CC(CC)CCCC)SC(CC(CCCC)CC)=C6C5=O)=O)=C(C7=CC=C([H])S7)S4)S3)S8)C8=C(C9=CC(F)=C(CC(CCCC)CC)S9)C%10=C2SC([H])=C%10)=C1,,,,,,,"0,847","25,670","0,707",15.38,https://doi.org/10.1016/j.joule.2019.12.004,,,,,,,,,,
Y6-C2,CCCCCCCCCCCc3c(C=c2c(=O)c1cc(Cl)c(Cl)cc1c2=C(C#N)C#N)sc%11c3sc%12c%10c4nsnc4c9c8sc7c(CCCCCCCCCCC)c(C=c6c(=O)c5cc(Cl)c(Cl)cc5c6=C(C#N)C#N)sc7c8n(CCC(CC)CCCC)c9c%10n(CCC(CC)CCCC)c%11%12,PM6,FC1=C(CC(CCCC)CC)SC(C2=C(C=C(C3=CC=C(C4=C5C(C(C6=C(CC(CC)CCCC)SC(CC(CCCC)CC)=C6C5=O)=O)=C(C7=CC=C([H])S7)S4)S3)S8)C8=C(C9=CC(F)=C(CC(CCCC)CC)S9)C%10=C2SC([H])=C%10)=C1,,,,,,,"0,844","25,760","0,717",15.59,https://doi.org/10.1016/j.joule.2019.12.004,,,,,,,,,,
Y6,CCCCCCCCCCCC1=C(SC2=C1SC1=C2N(CC(CC)CCCC)C2=C1C1=NSN=C1C1=C2N(CC(CC)CCCC)C2=C1SC1=C2SC(C=C2C(=O)C3=CC(F)=C(F)C=C3C2=C(C#N)C#N)=C1CCCCCCCCCCC)C=C1C(=O)C2=CC(F)=C(F)C=C2C1=C(C#N)C#N,PM6,FC1=C(CC(CCCC)CC)SC(C2=C(C=C(C3=CC=C(C4=C5C(C(C6=C(CC(CC)CCCC)SC(CC(CCCC)CC)=C6C5=O)=O)=C(C7=CC=C([H])S7)S4)S3)S8)C8=C(C9=CC(F)=C(CC(CCCC)CC)S9)C%10=C2SC([H])=C%10)=C1,,,,,,,"0,840","25,400","0,702",16.02,https://doi.org/10.1021/acs.nanolett.0c05045,,,,,,,,,,
S-WSeSe-Cl,CCc1c(/C=C2\C(=O)c3cc(Cl)c(Cl)cc3C2=C(C#N)C#N)[se]c2c1sc1c3c4nsnc4c4c5sc6c(CC)c(/C=C7/C(=O)c8cc(Cl)c(Cl)cc8C7=C(C#N)C#N)[se]c6c5n(CC)c4c3n(CC)c12,PBDB-TF,CCc1sc(-c2c3cc(-c4ccc(-c5sc(-c6ccc(-c7cc8c(-c9cc(F)c(CC)s9)c9sc(-c%10ccc(-c%11sc(-c%12ccc(-c%13cc%14c(-c%15cc(F)c(CC)s%15)c%15sc(-c%16ccc(-c%17sc(-c%18cccs%18)c%18c%17C(=O)c%17c(CC)sc(CC)c%17C%18=O)s%16)cc%15c(-c%15cc(F)c(CC)s%15)c%14s%13)s%12)c%12c%11C(=O)c%11c(CC)sc(CC)c%11C%12=O)s%10)cc9c(-c9cc(F)c(CC)s9)c8s7)s6)c6c5C(=O)c5c(CC)sc(CC)c5C6=O)s4)sc3c(-c3cc(F)c(CC)s3)c3ccsc23)cc1F,,,,,,,0.828,26.35,73.41,16.01,10.1002/anie.202104766,,,,,,,,,,
Y6,CCCCCCCCCCCC1=C(SC2=C1SC1=C2N(CC(CC)CCCC)C2=C1C1=NSN=C1C1=C2N(CC(CC)CCCC)C2=C1SC1=C2SC(C=C2C(=O)C3=CC(F)=C(F)C=C3C2=C(C#N)C#N)=C1CCCCCCCCCCC)C=C1C(=O)C2=CC(F)=C(F)C=C2C1=C(C#N)C#N,PTQ10,[H]C1=C(F)C(F)=C(C2=CC=C([H])S2)C3=C1N=C(OCC(CCCCCC)CCCCCCCC)C=N3,,,,,,,"0,860","24,900","0,693",16.01,https://doi.org/10.1021/acs.nanolett.0c05045,,,,,,,,,,
Y11,CCc1sc(-c2c3cc(-c4ccc(-c5sc(-c6ccc(-c7cc8c(-c9cc(F)c(CC)s9)c9sc(-c%10ccc(-c%11sc(-c%12ccc(-c%13cc%14c(-c%15cc(F)c(CC)s%15)c%15sc(-c%16ccc(-c%17sc(-c%18cccs%18)c%18c%17C(=O)c%17c(CC)sc(CC)c%17C%18=O)s%16)cc%15c(-c%15cc(F)c(CC)s%15)c%14s%13)s%12)c%12c%11C(=O)c%11c(CC)sc(CC)c%11C%12=O)s%10)cc9c(-c9cc(F)c(CC)s9)c8s7)s6)c6c5C(=O)c5c(CC)sc(CC)c5C6=O)s4)sc3c(-c3cc(F)c(CC)s3)c3ccsc23)cc1F,PBDB-TF,[H]C(S1)=CC2=C1C(C3=CC(F)=C(CC(CC)CCCC)S3)=C(C=C(C4=CC=C(C5=C6C(C(C7=C(CC(CC)CCCC)SC(CC(CC)CCCC)=C7C6=O)=O)=C(C8=CC=C([H])S8)S5)S4)S9)C9=C2C%10=CC(F)=C(CC(CC)CCCC)S%10,,,,,,,0.833,26.74,"0,743",16,10.1038/s41566-019-0573-5,,,,,,,,,,
BTN-4F,CCc1c(/C=C2\C(=O)c3cc(F)c(F)cc3C2=C(C#N)C#N)sc2c1sc1c3c4nsnc4c4c5c(cc(/C=C6\C(=O)c7cc(F)c(F)cc7C6=C(C#N)C#N)n5CC)n(CC)c4c3n(CC)c21,PBDB-TF,[H]C(S1)=CC2=C1C(C3=CC(F)=C(CC(CC)CCCC)S3)=C(C=C(C4=CC=C(C5=C6C(C(C7=C(CC(CC)CCCC)SC(CC(CC)CCCC)=C7C6=O)=O)=C(C8=CC=C([H])S8)S5)S4)S9)C9=C2C%10=CC(F)=C(CC(CC)CCCC)S%10,,,,,,,0.816,25.05,0.773,15.83,10.1002/sstr.202000052,,,,,,,,,,
Y6,CCCCCCCCCCCC1=C(SC2=C1SC1=C2N(CC(CC)CCCC)C2=C1C1=NSN=C1C1=C2N(CC(CC)CCCC)C2=C1SC1=C2SC(C=C2C(=O)C3=CC(F)=C(F)C=C3C2=C(C#N)C#N)=C1CCCCCCCCCCC)C=C1C(=O)C2=CC(F)=C(F)C=C2C1=C(C#N)C#N,PTQ10,[H]C1=C(F)C(F)=C(C2=CC=C([H])S2)C3=C1N=C(OCC(CCCCCC)CCCCCCCC)C=N3,,,,,,,"0,866","25,400","0,699",15.82,https://doi.org/10.1007/s11426-019-9599-1,,,,,,,,,,
HDO-4Cl,CCOc1c(/C=C2\C(=O)c3cc(Cl)c(Cl)cc3C2=C(C#N)C#N)sc2c1sc1c3c4nsnc4c4c5sc6c(OCC)c(/C=C7\C(=O)c8cc(Cl)c(Cl)cc8C7=C(C#N)C#N)sc6c5n(CC)c4c3n(CC)c21,PBDB-TF,CCc1sc(-c2c3cc(-c4ccc(-c5sc(-c6ccc(-c7cc8c(-c9cc(F)c(CC)s9)c9sc(-c%10ccc(-c%11sc(-c%12ccc(-c%13cc%14c(-c%15cc(F)c(CC)s%15)c%15sc(-c%16ccc(-c%17sc(-c%18cccs%18)c%18c%17C(=O)c%17c(CC)sc(CC)c%17C%18=O)s%16)cc%15c(-c%15cc(F)c(CC)s%15)c%14s%13)s%12)c%12c%11C(=O)c%11c(CC)sc(CC)c%11C%12=O)s%10)cc9c(-c9cc(F)c(CC)s9)c8s7)s6)c6c5C(=O)c5c(CC)sc(CC)c5C6=O)s4)sc3c(-c3cc(F)c(CC)s3)c3ccsc23)cc1F,,,,,,,0.94,21.9,0.76,15.6,10.1039/D0QM00633E,,,,,,,,,,
Y6,CCCCCCCCCCCC1=C(SC2=C1SC1=C2N(CC(CC)CCCC)C2=C1C1=NSN=C1C1=C2N(CC(CC)CCCC)C2=C1SC1=C2SC(C=C2C(=O)C3=CC(F)=C(F)C=C3C2=C(C#N)C#N)=C1CCCCCCCCCCC)C=C1C(=O)C2=CC(F)=C(F)C=C2C1=C(C#N)C#N,PTQ10,[H]C1=C(F)C(F)=C(C2=CC=C([H])S2)C3=C1N=C(OCC(CCCCCC)CCCCCCCC)C=N3,,,,,,,"0,828","26,640","0,746",15.6,https://doi.org/10.1007/s11426-019-9599-1,,,,,,,,,,
BTIC-CF3-y,CCc1c(/C=C2\C(=O)c3cc(C(F)(F)F)ccc3C2=C(C#N)C#N)sc2c1sc1c3c4nsnc4c4c5sc6c(CC)c(/C=C7\C(=O)c8cc(C(F)(F)F)ccc8C7=C(C#N)C#N)sc6c5n(CC)c4c3n(CC)c21,PBDB-TF,CCc1sc(-c2c3cc(-c4ccc(-c5sc(-c6ccc(-c7cc8c(-c9cc(F)c(CC)s9)c9sc(-c%10ccc(-c%11sc(-c%12ccc(-c%13cc%14c(-c%15cc(F)c(CC)s%15)c%15sc(-c%16ccc(-c%17sc(-c%18cccs%18)c%18c%17C(=O)c%17c(CC)sc(CC)c%17C%18=O)s%16)cc%15c(-c%15cc(F)c(CC)s%15)c%14s%13)s%12)c%12c%11C(=O)c%11c(CC)sc(CC)c%11C%12=O)s%10)cc9c(-c9cc(F)c(CC)s9)c8s7)s6)c6c5C(=O)c5c(CC)sc(CC)c5C6=O)s4)sc3c(-c3cc(F)c(CC)s3)c3ccsc23)cc1F,,,,,,,0.85,25.19,0.7282,15.59,10.1016/j.joule.2020.02.004,,,,,,,,,,
Y6,CCCCCCCCCCCC1=C(SC2=C1SC1=C2N(CC(CC)CCCC)C2=C1C1=NSN=C1C1=C2N(CC(CC)CCCC)C2=C1SC1=C2SC(C=C2C(=O)C3=CC(F)=C(F)C=C3C2=C(C#N)C#N)=C1CCCCCCCCCCC)C=C1C(=O)C2=CC(F)=C(F)C=C2C1=C(C#N)C#N,PM6,FC1=C(CC(CCCC)CC)SC(C2=C(C=C(C3=CC=C(C4=C5C(C(C6=C(CC(CC)CCCC)SC(CC(CCCC)CC)=C6C5=O)=O)=C(C7=CC=C([H])S7)S4)S3)S8)C8=C(C9=CC(F)=C(CC(CCCC)CC)S9)C%10=C2SC([H])=C%10)=C1,,,,,,,"0,862","26,810","0,767",15.59,https://doi.org/10.1002/anie.202202177,,,,,,,,,,
BTP-ClBr2,CCc1c(/C=C2\C(=O)c3c(Cl)cc(Br)cc3C2=C(C#N)C#N)sc2c1sc1c3c4nsnc4c4c5sc6c(CC)c(/C=C7\C(=O)c8c(Cl)cc(Br)cc8C7=C(C#N)C#N)sc6c5n(CC)c4c3n(CC)c21,PBDB-TF,CCc1sc(-c2c3cc(-c4ccc(-c5sc(-c6ccc(-c7cc8c(-c9cc(F)c(CC)s9)c9sc(-c%10ccc(-c%11sc(-c%12ccc(-c%13cc%14c(-c%15cc(F)c(CC)s%15)c%15sc(-c%16ccc(-c%17sc(-c%18cccs%18)c%18c%17C(=O)c%17c(CC)sc(CC)c%17C%18=O)s%16)cc%15c(-c%15cc(F)c(CC)s%15)c%14s%13)s%12)c%12c%11C(=O)c%11c(CC)sc(CC)c%11C%12=O)s%10)cc9c(-c9cc(F)c(CC)s9)c8s7)s6)c6c5C(=O)c5c(CC)sc(CC)c5C6=O)s4)sc3c(-c3cc(F)c(CC)s3)c3ccsc23)cc1F,,,,,,,0.845,24.97,0.736,15.54,10.1002/aenm.202002649,,,,,,,,,,
FOEH-2F,CCCCCCC(CC)C%11(C(CC)CCCCCC)Oc7cc6c5cc4OC(C(CC)CCCCCC)(C(CC)CCCCCC)c3cc(C=c2c(=O)c1cc(F)c(F)cc1c2=C(C#N)C#N)sc3c4cc5C(C(CC)CCCCCC)(C(CC)CCCCCC)c6cc7c%10sc(C=c9c(=O)c8cc(F)c(F)cc8c9=C(C#N)C#N)cc%10%11,D18,CCCCCCC(CC1=CSC(C2=CC3=C(C4=C(C5=NSN=C53)C=C(S4)C6=CC(CC(CCCCCC)CCCC)=C(S6)C7=CC8=C(C9=C(C(C%10=CC(F)=C(N%10)CC(CCCC)CC)=C8S7)C=CS9)C%11=CC(F)=C(S%11)CC(CCCC)CC)S2)=C1)CCCC,,,,,,,"0,880","23,750","0,738",15.54,http://dx.doi.org/10.1016/j.orgel.2022.106541,,,,,,,,,,
DTTC-4Cl,CCc1ccc(C2(c3ccc(CC)cc3)c3cc4c5cc6c(cc5n(CC)c4cc3-c3sc4cc(/C=C5\C(=O)c7cc(Cl)c(Cl)cc7C5=C(C#N)C#N)sc4c32)-c2sc3cc(/C=C4\C(=O)c5cc(Cl)c(Cl)cc5C4=C(C#N)C#N)sc3c2C6(c2ccc(CC)cc2)c2ccc(CC)cc2)cc1,PBDB-TF,CCc1sc(-c2c3cc(-c4ccc(-c5sc(-c6ccc(-c7cc8c(-c9cc(F)c(CC)s9)c9sc(-c%10ccc(-c%11sc(-c%12ccc(-c%13cc%14c(-c%15cc(F)c(CC)s%15)c%15sc(-c%16ccc(-c%17sc(-c%18cccs%18)c%18c%17C(=O)c%17c(CC)sc(CC)c%17C%18=O)s%16)cc%15c(-c%15cc(F)c(CC)s%15)c%14s%13)s%12)c%12c%11C(=O)c%11c(CC)sc(CC)c%11C%12=O)s%10)cc9c(-c9cc(F)c(CC)s9)c8s7)s6)c6c5C(=O)c5c(CC)sc(CC)c5C6=O)s4)sc3c(-c3cc(F)c(CC)s3)c3ccsc23)cc1F,,,,,,,0.92,22.64,0.74,15.42,,,,,,,,,,,
Y6,CCCCCCCCCCCC1=C(SC2=C1SC1=C2N(CC(CC)CCCC)C2=C1C1=NSN=C1C1=C2N(CC(CC)CCCC)C2=C1SC1=C2SC(C=C2C(=O)C3=CC(F)=C(F)C=C3C2=C(C#N)C#N)=C1CCCCCCCCCCC)C=C1C(=O)C2=CC(F)=C(F)C=C2C1=C(C#N)C#N,PM6,FC1=C(CC(CCCC)CC)SC(C2=C(C=C(C3=CC=C(C4=C5C(C(C6=C(CC(CC)CCCC)SC(CC(CCCC)CC)=C6C5=O)=O)=C(C7=CC=C([H])S7)S4)S3)S8)C8=C(C9=CC(F)=C(CC(CCCC)CC)S9)C%10=C2SC([H])=C%10)=C1,,,,,,,"0,855","24,870","0,724",15.42,http://dx.doi.org/10.1002/smll.20210716,,,,,,,,,,
Y22 ,CCc1sc(-c2c3cc(-c4ccc(-c5sc(-c6ccc(-c7cc8c(-c9cc(F)c(CC)s9)c9sc(-c%10ccc(-c%11sc(-c%12ccc(-c%13cc%14c(-c%15cc(F)c(CC)s%15)c%15sc(-c%16ccc(-c%17sc(-c%18cccs%18)c%18c%17C(=O)c%17c(CC)sc(CC)c%17C%18=O)s%16)cc%15c(-c%15cc(F)c(CC)s%15)c%14s%13)s%12)c%12c%11C(=O)c%11c(CC)sc(CC)c%11C%12=O)s%10)cc9c(-c9cc(F)c(CC)s9)c8s7)s6)c6c5C(=O)c5c(CC)sc(CC)c5C6=O)s4)sc3c(-c3cc(F)c(CC)s3)c3ccsc23)cc1F,PBDB-TF,CCc1c(/C=C2\C(=O)c3cc(F)c(F)cc3C2=C(C#N)C#N)sc2c1sc1c3c4nn(CC)nc4c4c5sc(/C=C6\C(=O)c7cc(F)c(F)cc7C6=C(C#N)C#N)c(CC)c5n(CC)c4c3n(CC)c21,,,,,,,0.853,24.37,0.7412,15.4,,,,,,,,,,,
BTP-2Cl-delta,CCc1sc(-c2c3cc(-c4ccc(-c5sc(-c6ccc(-c7cc8c(-c9cc(F)c(CC)s9)c9sc(-c%10ccc(-c%11sc(-c%12ccc(-c%13cc%14c(-c%15cc(F)c(CC)s%15)c%15sc(-c%16ccc(-c%17sc(-c%18cccs%18)c%18c%17C(=O)c%17c(CC)sc(CC)c%17C%18=O)s%16)cc%15c(-c%15cc(F)c(CC)s%15)c%14s%13)s%12)c%12c%11C(=O)c%11c(CC)sc(CC)c%11C%12=O)s%10)cc9c(-c9cc(F)c(CC)s9)c8s7)s6)c6c5C(=O)c5c(CC)sc(CC)c5C6=O)s4)sc3c(-c3cc(F)c(CC)s3)c3ccsc23)cc1F,PBDB-TF,CCc1sc(-c2c3cc(-c4ccc(-c5sc(-c6ccc(-c7cc8c(-c9cc(F)c(CC)s9)c9sc(-c%10ccc(-c%11sc(-c%12ccc(-c%13cc%14c(-c%15cc(F)c(CC)s%15)c%15sc(-c%16ccc(-c%17sc(-c%18cccs%18)c%18c%17C(=O)c%17c(CC)sc(CC)c%17C%18=O)s%16)cc%15c(-c%15cc(F)c(CC)s%15)c%14s%13)s%12)c%12c%11C(=O)c%11c(CC)sc(CC)c%11C%12=O)s%10)cc9c(-c9cc(F)c(CC)s9)c8s7)s6)c6c5C(=O)c5c(CC)sc(CC)c5C6=O)s4)sc3c(-c3cc(F)c(CC)s3)c3ccsc23)cc1F,,,,,,,0.89,24.3,0.711,15.4,10.1021/acsami.0c16389,,,,,,,,,,
TPIC-4Cl,CCc1ccc(C2(c3ccc(CC)cc3)c3cc4c(cc3-c3sc(/C=C5\C(=O)c6cc(Cl)c(Cl)cc6C5=C(C#N)C#N)cc32)C(c2ccc(CC)cc2)(c2ccc(CC)cc2)c2c-4sc3c4sc(/C=C5\C(=O)c6cc(Cl)c(Cl)cc6C5=C(C#N)C#N)cc4n(CC)c23)cc1,PBDB-T-2Cl,CCc1sc(-c2c3cc(-c4ccc(-c5sc(-c6ccc(-c7cc8c(-c9cc(Cl)c(CC)s9)c9sc(-c%10ccc(-c%11sc(-c%12ccc(-c%13cc%14c(-c%15cc(Cl)c(CC)s%15)c%15sc(-c%16ccc(-c%17sc(-c%18cccs%18)c%18c%17C(=O)c%17c(CC)sc(CC)c%17C%18=O)s%16)cc%15c(-c%15cc(Cl)c(CC)s%15)c%14s%13)s%12)c%12c%11C(=O)c%11c(CC)sc(CC)c%11C%12=O)s%10)cc9c(-c9cc(Cl)c(CC)s9)c8s7)s6)c6c5C(=O)c5c(CC)sc(CC)c5C6=O)s4)sc3c(-c3cc(Cl)c(CC)s3)c3ccsc23)cc1Cl,,,,,,,0.885,22.89,0.757,15.4,10.1002/solr.202000250,,,,,,,,,,
BTP-eC11,c1c(c(cc2c1C(=C(C#N)C#N)/C(=C/c1sc3c(c1CCCCCCCCCCC)sc1c3n(c3c1c1c(c4c3n(c3c4sc4=C([C](Sc34)/C=C/3\C(=O)c4c(C3=C(C#N)C#N)cc(c(c4)Cl)Cl)CCCCCCCCCCC)C[C@@H](CC CCCC)CCCC)ns[n]1)C[C@H](CCCC)CCCCCC)/C2=O)Cl)Cl,D18,CCCCCCC(CC1=CSC(C2=CC3=C(C4=C(C5=NSN=C53)C=C(S4)C6=CC(CC(CCCCCC)CCCC)=C(S6)C7=CC8=C(C9=C(C(C%10=CC(F)=C(N%10)CC(CCCC)CC)=C8S7)C=CS9)C%11=CC(F)=C(S%11)CC(CCCC)CC)S2)=C1)CCCC,,,,,,,"0,860","25,800","0,722",15.4,http://dx.doi.org/10.1007/s11426-021-1128-1,,,,,,,,,,
N3,CCc1csc(-c2cc3c4nsnc4c4cc(-c5cc(CC)c(-c6cc7c(-c8cc(F)c(CC)s8)c8sc(-c9sc(-c%10cc%11c%12nsnc%12c%12cc(-c%13cc(CC)c(-c%14cc%15c(-c%16cc(F)c(CC)s%16)c%16sc(-c%17sc(-c%18cc%19c%20nsnc%20c%20cc(-c%21cc(CC)c(-c%22cc%23c(-c%24cc(F)c(CC)s%24)c%24sccc%24c(-c%24cc(F)c(CC)s%24)c%23s%22)s%21)sc%20c%19s%18)cc%17CC)cc%16c(-c%16cc(F)c(CC)s%16)c%15s%14)s%13)sc%12c%11s%10)cc9CC)cc8c(-c8cc(F)c(CC)s8)c7s6)s5)sc4c3s2)c1,D18,CCCCCCC(CC1=CSC(C2=CC3=C(C4=C(C5=NSN=C53)C=C(S4)C6=CC(CC(CCCCCC)CCCC)=C(S6)C7=CC8=C(C9=C(C(C%10=CC(F)=C(N%10)CC(CCCC)CC)=C8S7)C=CS9)C%11=CC(F)=C(S%11)CC(CCCC)CC)S2)=C1)CCCC,,,,,,,"0,840","26,400","0,718",15.4,http://dx.doi.org/10.1007/s11426-021-1128-1,,,,,,,,,,
Y11,CCc1sc(-c2c3cc(-c4ccc(-c5sc(-c6ccc(-c7cc8c(-c9cc(F)c(CC)s9)c9sc(-c%10ccc(-c%11sc(-c%12ccc(-c%13cc%14c(-c%15cc(F)c(CC)s%15)c%15sc(-c%16ccc(-c%17sc(-c%18cccs%18)c%18c%17C(=O)c%17c(CC)sc(CC)c%17C%18=O)s%16)cc%15c(-c%15cc(F)c(CC)s%15)c%14s%13)s%12)c%12c%11C(=O)c%11c(CC)sc(CC)c%11C%12=O)s%10)cc9c(-c9cc(F)c(CC)s9)c8s7)s6)c6c5C(=O)c5c(CC)sc(CC)c5C6=O)s4)sc3c(-c3cc(F)c(CC)s3)c3ccsc23)cc1F,PM6,FC1=C(CC(CCCC)CC)SC(C2=C(C=C(C3=CC=C(C4=C5C(C(C6=C(CC(CC)CCCC)SC(CC(CCCC)CC)=C6C5=O)=O)=C(C7=CC=C([H])S7)S4)S3)S8)C8=C(C9=CC(F)=C(CC(CCCC)CC)S9)C%10=C2SC([H])=C%10)=C1,,,,,,,"0,840","24,620","0,733",15.4,http://dx.doi.org/10.1007/s11426-020-9747-9,,,,,,,,,,
BTP-FCl-FCl,CCc1c(/C=C2\C(=O)c3cc(Cl)c(F)cc3C2=C(C#N)C#N)sc2c1sc1c3c4nsnc4c4c5sc6c(CC)c(/C=C7\C(=O)c8cc(Cl)c(F)cc8C7=C(C#N)C#N)sc6c5n(CC)c4c3n(CC)c21,BTR-Cl,CCc1cc(-c2cc3c(-c4cc(Cl)c(CC)s4)c4sc(-c5cc(CC)c(-c6cc(CC)c(-c7ccc(/C=C8/SC(=S)N(CC)C8=O)s7)s6)s5)cc4c(-c4cc(Cl)c(CC)s4)c3s2)sc1-c1cc(CC)c(-c2ccc(/C=C3\SC(=S)N(CC)C3=O)s2)s1,,,,,,,0.8234,24.58,0.7536,15.3,10.1002/advs.202004262,,,,,,,,,,
BTP-6F,CCc1c(/C=C2\C(=O)c3c(cc(F)c(F)c3F)C2=C(C#N)C#N)sc2c1sc1c3c4nsnc4c4c5sc6c(CC)c(/C=C7\C(=O)c8c(cc(F)c(F)c8F)C7=C(C#N)C#N)sc6c5n(CC)c4c3n(CC)c21,PBDB-TF,CCc1sc(-c2c3cc(-c4ccc(-c5sc(-c6ccc(-c7cc8c(-c9cc(F)c(CC)s9)c9sc(-c%10ccc(-c%11sc(-c%12ccc(-c%13cc%14c(-c%15cc(F)c(CC)s%15)c%15sc(-c%16ccc(-c%17sc(-c%18cccs%18)c%18c%17C(=O)c%17c(CC)sc(CC)c%17C%18=O)s%16)cc%15c(-c%15cc(F)c(CC)s%15)c%14s%13)s%12)c%12c%11C(=O)c%11c(CC)sc(CC)c%11C%12=O)s%10)cc9c(-c9cc(F)c(CC)s9)c8s7)s6)c6c5C(=O)c5c(CC)sc(CC)c5C6=O)s4)sc3c(-c3cc(F)c(CC)s3)c3ccsc23)cc1F,,,,,,,0.81,25.9,0.728,15.3,10.1002/anie.201915030,,,,,,,,,,
BO-4Cl,CCSc1ccc(-c2c3cc(-c4cc(CC)c(-c5cc(CC)c(-c6ccc(/C=C7/SC(=S)N(CC)C7=O)s6)s5)s4)sc3c(-c3ccc(SCC)cc3)c3cc(-c4cc(CC)c(-c5cc(CC)c(-c6ccc(/C=C7/SC(=S)N(CC)C7=O)s6)s5)s4)sc23)cc1,B1,CCSc1ccc(-c2c3cc(-c4cc(CC)c(-c5cc(CC)c(-c6ccc(/C=C7/SC(=S)N(CC)C7=O)s6)s5)s4)sc3c(-c3ccc(SCC)cc3)c3cc(-c4cc(CC)c(-c5cc(CC)c(-c6ccc(/C=C7/SC(=S)N(CC)C7=O)s6)s5)s4)sc23)cc1,,,,,,,0.83,25.27,0.73,15.3,10.1007/s40843-020-1269-9,,,,,,,,,,
Y18,CCc1c(/C=C2\C(=O)c3cc(F)c(F)cc3C2=C(C#N)C#N)sc2c1sc1c3c4nn(CC)nc4c4c5sc6c(CC)c(/C=C7\C(=O)c8cc(F)c(F)cc8C7=C(C#N)C#N)sc6c5n(CC)c4c3n(CC)c21,PM6,FC1=C(CC(CCCC)CC)SC(C2=C(C=C(C3=CC=C(C4=C5C(C(C6=C(CC(CC)CCCC)SC(CC(CCCC)CC)=C6C5=O)=O)=C(C7=CC=C([H])S7)S4)S3)S8)C8=C(C9=CC(F)=C(CC(CCCC)CC)S9)C%10=C2SC([H])=C%10)=C1,,,,,,,"0,840","24,910","0,764",15.3,http://dx.doi.org/10.1007/s11426-020-9747-9,,,,,,,,,,
Y18-1D,CCn1nc2c(n1)c1c3c(c4cc(/C=C5\C(=O)c6cc(F)c(F)cc6C5=C(C#N)C#N)ccc4n3CC)n(CC)c1c1c2c2c(c3cc(/C=C4\C(=O)c5cc(F)c(F)cc5C4=C(C#N)C#N)ccc3n2CC)n1CC,P_chen,CCn1c(=O)n(CC)c2cc3c(cc21)c1ccsc1c1sc(-c2ccc(-c4c(F)c(F)c(-c5ccc(-c6cc7c8cc9c(cc8c8cc(-c%10ccc(-c%11c(F)c(F)c(-c%12ccc(-c%13cc%14c%15cc%16c(cc%15c%15cc(-c%17ccc(-c%18c(F)c(F)c(-c%19cccs%19)c%19nsnc%18%19)s%17)sc%15c%14s%13)n(CC)c(=O)n%16CC)s%12)c%12nsnc%11%12)s%10)sc8c7s6)n(CC)c(=O)n9CC)s5)c5nsnc45)s2)cc31,,,,,,,0.84,24.53,0.74,15.25,,,,,,,,,,,
BDTP-4F,CCc1c(/C=C2\C(=O)c3cc(F)c(F)cc3C2=C(C#N)C#N)sc2c3c4nsnc4c4c5sc6c7sc(/C=C8\C(=O)c9cc(F)c(F)cc9C8=C(C#N)C#N)cc7n(CC)c6c5n(CC)c4c3n(CC)c12,PBDB-TF,CCc1sc(-c2c3cc(-c4ccc(-c5sc(-c6ccc(-c7cc8c(-c9cc(F)c(CC)s9)c9sc(-c%10ccc(-c%11sc(-c%12ccc(-c%13cc%14c(-c%15cc(F)c(CC)s%15)c%15sc(-c%16ccc(-c%17sc(-c%18cccs%18)c%18c%17C(=O)c%17c(CC)sc(CC)c%17C%18=O)s%16)cc%15c(-c%15cc(F)c(CC)s%15)c%14s%13)s%12)c%12c%11C(=O)c%11c(CC)sc(CC)c%11C%12=O)s%10)cc9c(-c9cc(F)c(CC)s9)c8s7)s6)c6c5C(=O)c5c(CC)sc(CC)c5C6=O)s4)sc3c(-c3cc(F)c(CC)s3)c3ccsc23)cc1F,,,,,,,0.895,22.54,0.755,15.24,10.1002/smll.202001942,,,,,,,,,,
M34,CCc1sc(-c2c3cc(-c4ccc(-c5sc(-c6ccc(-c7cc8c(-c9cc(F)c(CC)s9)c9sc(-c%10ccc(-c%11sc(-c%12ccc(-c%13cc%14c(-c%15cc(F)c(CC)s%15)c%15sc(-c%16ccc(-c%17sc(-c%18cccs%18)c%18c%17C(=O)c%17c(CC)sc(CC)c%17C%18=O)s%16)cc%15c(-c%15cc(F)c(CC)s%15)c%14s%13)s%12)c%12c%11C(=O)c%11c(CC)sc(CC)c%11C%12=O)s%10)cc9c(-c9cc(F)c(CC)s9)c8s7)s6)c6c5C(=O)c5c(CC)sc(CC)c5C6=O)s4)sc3c(-c3cc(F)c(CC)s3)c3ccsc23)cc1F,PBDB-TF,CCc1sc(-c2c3cc(-c4ccc(-c5sc(-c6ccc(-c7cc8c(-c9cc(F)c(CC)s9)c9sc(-c%10ccc(-c%11sc(-c%12ccc(-c%13cc%14c(-c%15cc(F)c(CC)s%15)c%15sc(-c%16ccc(-c%17sc(-c%18cccs%18)c%18c%17C(=O)c%17c(CC)sc(CC)c%17C%18=O)s%16)cc%15c(-c%15cc(F)c(CC)s%15)c%14s%13)s%12)c%12c%11C(=O)c%11c(CC)sc(CC)c%11C%12=O)s%10)cc9c(-c9cc(F)c(CC)s9)c8s7)s6)c6c5C(=O)c5c(CC)sc(CC)c5C6=O)s4)sc3c(-c3cc(F)c(CC)s3)c3ccsc23)cc1F,,,,,,,0.91,23.63,0.7066,15.24,10.1002/anie.202007907,,,,,,,,,,
BTP-eC9,c1c(c(cc2c1C(=C(C#N)C#N)/C(=C/c1sc3c(c1CCCCCCCCC)sc1c3n(c3c1c1c(c4c3n(c3c4sc4c3s/c(=C\C3=C(c5c(C3=O)cc(c(c5)Cl)Cl)[C](C#N)C#N)/c4CCCCCCCCC)C[C@@H](CCCCCC)CCCC)ns[n]1)C[C@H](CCCC)CCCCCC)/C2=O)Cl)Cl,PM6,FC1=C(CC(CCCC)CC)SC(C2=C(C=C(C3=CC=C(C4=C5C(C(C6=C(CC(CC)CCCC)SC(CC(CCCC)CC)=C6C5=O)=O)=C(C7=CC=C([H])S7)S4)S3)S8)C8=C(C9=CC(F)=C(CC(CCCC)CC)S9)C%10=C2SC([H])=C%10)=C1,,,,,,,"0,838","26,370","0,777",15.24,http://dx.doi.org/10.1002/adma.202101733,,,,,,,,,,
L8-B0-F,CCCCCCC(CCCC)Cc3c(C=c2c(=O)c1ccc(F)cc1c2=C(C#N)C#N)sc%11c3sc%12c%10c4nsnc4c9c8sc7c(CC(CCCC)CCCCCC)c(CC/6C(=O)c5cc(F)ccc5C6=C(C#N)\C#N)sc7c8n(CC(CC)CCC)c9c%10n(CC(CC)CCCC)c%11%12,PM6,FC1=C(CC(CCCC)CC)SC(C2=C(C=C(C3=CC=C(C4=C5C(C(C6=C(CC(CC)CCCC)SC(CC(CCCC)CC)=C6C5=O)=O)=C(C7=CC=C([H])S7)S4)S3)S8)C8=C(C9=CC(F)=C(CC(CCCC)CC)S9)C%10=C2SC([H])=C%10)=C1,,,,,,,"0,932","23,070","0,763",15.24,http://dx.doi.org/10.1002/adma.202101733,,,,,,,,,,
BTTPC-Br,CCc1c(/C=C2\C(=O)c3cc4cc(Br)sc4cc3C2=C(C#N)C#N)sc2c1sc1c3c4nsnc4c4c5sc6c(CC)c(/C=C7\C(=O)c8cc9cc(Br)sc9cc8C7=C(C#N)C#N)sc6c5n(CC)c4c3n(CC)c21,PBDB-T,c1cc2c(s1)c(c1c(c2c2ccc(s2)C[C@@H](CC)CCCC)sc(c1)c1ccc(s1)c1sc(c2c1C(=O)c1c(C2=O)c(sc1C[C@@H](CC)CCCC)C[C @H](CC)CCCC)c1cccs1)c1ccc(s1)C[C@@H](CC)CCCC,,,,,,,0.86,24.71,0.71,15.22,10.1039/C9TA11285E,,,,,,,,,,
BT-BO- L4F,CCCCCCC(CCCC)CN9/C4=C(SC5/C([C11])=C(C=c3c(=O)c2CC\1/C=C(F)\C(F)=C/C1=C/c2c3=C(C#N)C#N)\SC45)\C8c6nsnc6c7c(S)c(C)n(CC(CCCC)CCCCCC)c7C89.Cc4csc(C([C11])=c3c(=O)c2cc1cc(F)c(F)cc1cc2c3=C(C#N)C#N)c4.C,PM6,FC1=C(CC(CCCC)CC)SC(C2=C(C=C(C3=CC=C(C4=C5C(C(C6=C(CC(CC)CCCC)SC(CC(CCCC)CC)=C6C5=O)=O)=C(C7=CC=C([H])S7)S4)S3)S8)C8=C(C9=CC(F)=C(CC(CCCC)CC)S9)C%10=C2SC([H])=C%10)=C1,,,,,,,"0,83","27,620","0,705",16.17,http://dx.doi.org/10.1002/aenm.202102172,,,,,,,,,,
BTP-S1,CCc1c(/C=C2\C(=O)c3cc(F)c(F)cc3C2=C(C#N)C#N)sc2c1sc1c3c4nsnc4c4c5sc6c(CC)c(/C=C7\C(=O)c8c(Cl)c(Cl)c(Cl)c(Cl)c8C7=C(C#N)C#N)sc6c5n(CC)c4c3n(CC)c21,PBDB-TF,CCc1sc(-c2c3cc(-c4ccc(-c5sc(-c6ccc(-c7cc8c(-c9cc(F)c(CC)s9)c9sc(-c%10ccc(-c%11sc(-c%12ccc(-c%13cc%14c(-c%15cc(F)c(CC)s%15)c%15sc(-c%16ccc(-c%17sc(-c%18cccs%18)c%18c%17C(=O)c%17c(CC)sc(CC)c%17C%18=O)s%16)cc%15c(-c%15cc(F)c(CC)s%15)c%14s%13)s%12)c%12c%11C(=O)c%11c(CC)sc(CC)c%11C%12=O)s%10)cc9c(-c9cc(F)c(CC)s9)c8s7)s6)c6c5C(=O)c5c(CC)sc(CC)c5C6=O)s4)sc3c(-c3cc(F)c(CC)s3)c3ccsc23)cc1F,,,,,,,0.934,22.39,0.7269,15.21,,,,,,,,,,,
Y6,CCc1c(/C=C2\C(=O)c3cc(F)c(F)cc3C2=C(C#N)C#N)sc2c1sc1c3c4nsnc4c4c5sc6cc(/C=C7\C(=O)c8cc(F)c(F)cc8C7=C(C#N)C#N)sc6c5n(CC)c4c3n(CC)c21,Qx-12F,CCOc1c(F)c(F)c(-c2nc3c(-c4cccs4)c(F)c(F)c(-c4ccc(-c5cc6c(-c7cc(F)c(CC)s7)c7sc(-c8ccc(-c9c(F)c(F)c(-c%10ccc(-c%11cc%12c(-c%13cc(F)c(CC)s%13)c%13sc(-c%14ccc(-c%15c(F)c(F)c(-c%16ccc(-c%17cc%18c(-c%19cc(F)c(CC)s%19)c%19sccc%19c(-c%19cc(F)c(CC)s%19)c%18s%17)s%16)c%16nc(-c%17c(F)c(F)c(OCC)c(F)c%17F)c(-c%17c(F)c(F)c(OCC)c(F)c%17F)nc%15%16)s%14)cc%13c(-c%13cc(F)c(CC)s%13)c%12s%11)s%10)c%10nc(-c%11c(F)c(F)c(OCC)c(F)c%11F)c(-c%11c(F)c(F)c(OCC)c(F)c%11F)nc9%10)s8)cc7c(-c7cc(F)c(CC)s7)c6s5)s4)c3nc2-c2c(F)c(F)c(OCC)c(F)c2F)c(F)c1F,,,,,,,0.847,24.55,0.7288,15.21,10.1039/D1TA01500A,,,,,,,,,,
Y6,CCCCCCCCCCCC1=C(SC2=C1SC1=C2N(CC(CC)CCCC)C2=C1C1=NSN=C1C1=C2N(CC(CC)CCCC)C2=C1SC1=C2SC(C=C2C(=O)C3=CC(F)=C(F)C=C3C2=C(C#N)C#N)=C1CCCCCCCCCCC)C=C1C(=O)C2=CC(F)=C(F)C=C2C1=C(C#N)C#N,PBDBT-2F,[H]C1=CC2=C(S1)C(C3=CC(F)=C(CC(CC)CCCC)S3)=C4C(SC(C5=CC=C(S5)C6=C7C(C(C8=C(CC(CC)CCCC)SC(CC(CC)CCCC)=C8C7=O)=O)=C(C9=CC=C([H])S9)S6)=C4)=C2C%10=CC(F)=C(CC(CC)CCCC)S%10,,,,,,,"0,820","26,220","0,749",15.21,http://dx.doi.org/10.1021/acsami.0c09123,,,,,,,,,,
BTIC-2Br-m,CCc1c(/C=C2\C(=O)c3ccc(Br)cc3C2=C(C#N)C#N)sc2c1sc1c3c4nsnc4c4c5sc6c(CC)c(/C=C7\C(=O)c8ccc(Br)cc8C7=C(C#N)C#N)sc6c5n(CC)c4c3n(CC)c21,PBDB-TF,[H]C(S1)=CC2=C1C(C3=CC(F)=C(CC(CC)CCCC)S3)=C(C=C(C4=CC=C(C5=C6C(C(C7=C(CC(CC)CCCC)SC(CC(CC)CCCC)=C7C6=O)=O)=C(C8=CC=C([H])S8)S5)S4)S9)C9=C2C%10=CC(F)=C(CC(CC)CCCC)S%10,,,,,,,"0,88","23,77","0,713",15.21,http://dx.doi.org/10.1002/advs.201903784,,,,,,,,,,
ABP4T-4F,CCc1c(/C=C2\C(=O)c3cc(F)c(F)cc3C2=C(C#N)C#N)sc2c1sc1c2sc2c3c4nsnc4c4c5sc(/C=C6\C(=O)c7cc(F)c(F)cc7C6=C(C#N)C#N)c(CC)c5n(CC)c4c3n(CC)c12,PBDB-TF,CCc1sc(-c2c3cc(-c4ccc(-c5sc(-c6ccc(-c7cc8c(-c9cc(F)c(CC)s9)c9sc(-c%10ccc(-c%11sc(-c%12ccc(-c%13cc%14c(-c%15cc(F)c(CC)s%15)c%15sc(-c%16ccc(-c%17sc(-c%18cccs%18)c%18c%17C(=O)c%17c(CC)sc(CC)c%17C%18=O)s%16)cc%15c(-c%15cc(F)c(CC)s%15)c%14s%13)s%12)c%12c%11C(=O)c%11c(CC)sc(CC)c%11C%12=O)s%10)cc9c(-c9cc(F)c(CC)s9)c8s7)s6)c6c5C(=O)c5c(CC)sc(CC)c5C6=O)s4)sc3c(-c3cc(F)c(CC)s3)c3ccsc23)cc1F,,,,,,,0.922,22,0.751,15.2,10.1002/aenm.202003177,,,,,,,,,,
Y6,CCc1c(/C=C2\C(=O)c3cc(F)c(F)cc3C2=C(C#N)C#N)sc2c1sc1c3c4nsnc4c4c5sc6cc(/C=C7\C(=O)c8cc(F)c(F)cc8C7=C(C#N)C#N)sc6c5n(CC)c4c3n(CC)c21,PTPD,CCc1ccc(-c2c3cc(-c4ccc(-c5sc(-c6ccc(-c7cc8c(-c9ccc(CC)s9)c9sc(-c%10ccc(-c%11sc(-c%12ccc(-c%13cc%14c(-c%15ccc(CC)s%15)c%15sc(-c%16ccc(-c%17sc(-c%18cccs%18)c%18c%17C(=O)N(CC)C%18=O)s%16)cc%15c(-c%15ccc(CC)s%15)c%14s%13)s%12)c%12c%11C(=O)N(CC)C%12=O)s%10)cc9c(-c9ccc(CC)s9)c8s7)s6)c6c5C(=O)N(CC)C6=O)s4)sc3c(-c3ccc(CC)s3)c3ccsc23)s1,,,,,,,0.83,26.7,0.685,15.2,10.1002/aenm.202102648,,,,,,,,,,
A4T-16,CCc1cc(CC)c(-c2cc(-c3cc(-c4c(CC)cc(CC)cc4CC)c(-c4sc(/C=C5\C(=O)c6cc(F)c(F)cc6C5=C(C#N)C#N)cc4CC)s3)sc2-c2sc(/C=C3\C(=O)c4cc(F)c(F)cc4C3=C(C#N)C#N)cc2CC)c(CC)c1,PBDB-TF,CCc1sc(-c2c3cc(-c4ccc(-c5sc(-c6ccc(-c7cc8c(-c9cc(F)c(CC)s9)c9sc(-c%10ccc(-c%11sc(-c%12ccc(-c%13cc%14c(-c%15cc(F)c(CC)s%15)c%15sc(-c%16ccc(-c%17sc(-c%18cccs%18)c%18c%17C(=O)c%17c(CC)sc(CC)c%17C%18=O)s%16)cc%15c(-c%15cc(F)c(CC)s%15)c%14s%13)s%12)c%12c%11C(=O)c%11c(CC)sc(CC)c%11C%12=O)s%10)cc9c(-c9cc(F)c(CC)s9)c8s7)s6)c6c5C(=O)c5c(CC)sc(CC)c5C6=O)s4)sc3c(-c3cc(F)c(CC)s3)c3ccsc23)cc1F,,,,,,,0.876,21.8,0.798,15.2,10.1038/s41467-021-25394-w,,,,,,,,,,
H2,CCc1c(/C=C2\C(=O)c3ccc(Cl)cc3C2=C(C#N)C#N)sc2c1sc1c3c4nsnc4c4c5sc6c(CC)c(/C=C7\C(=O)c8ccc(Cl)cc8C7=C(C#N)C#N)sc6c5n(CC)c4c3n(CC)c21,PBDB-T,CCc1ccc(-c2c3cc(-c4ccc(-c5sc(-c6ccc(-c7cc8c(-c9ccc(CC)s9)c9sc(-c%10ccc(-c%11sc(-c%12ccc(-c%13cc%14c(-c%15ccc(CC)s%15)c%15sc(-c%16ccc(-c%17sc(-c%18cccs%18)c%18c%17C(=O)c%17c(CC)sc(CC)c%17C%18=O)s%16)cc%15c(-c%15ccc(CC)s%15)c%14s%13)s%12)c%12c%11C(=O)c%11c(CC)sc(CC)c%11C%12=O)s%10)cc9c(-c9ccc(CC)s9)c8s7)s6)c6c5C(=O)c5c(CC)sc(CC)c5C6=O)s4)sc3c(-c3ccc(CC)s3)c3ccsc23)s1,,,,,,,0.79,25.82,0.73,15.12,10.1002/anie.202006081,,,,,,,,,,
PFA1,CCc1c(/C=C2\C(=O)c3ccc(F)cc3C2=C(C#N)C#N)sc2c1sc1c3c4nsnc4c4c5sc6c(CC)c(/C=C7\C(=O)c8cc(F)c(-c9ccc(-c%10cc%11c(cc%10F)C(=C(C#N)C#N)/C(=C/c%10sc%12c(sc%13c%14c%15nsnc%15c%15c%16sc%17c(CC)c(/C=C%18\C(=O)c%19cc(F)c(-c%20cccs%20)cc%19C%18=C(C#N)C#N)sc%17c%16n(CC)c%15c%14n(CC)c%12%13)c%10CC)C%11=O)s9)cc8C7=C(C#N)C#N)sc6c5n(CC)c4c3n(CC)c21,PTzBI-oF,CCc1ccc(-c2c3cc(-c4sc(-c5c6c(c(-c7cc(F)c(-c8cc9c(-c%10ccc(CC)s%10)c%10sc(-c%11sc(-c%12c%13c(c(-c%14cc(F)c(-c%15cc%16c(-c%17ccc(CC)s%17)c%17sc(-c%18sc(-c%19c%20c(c(-c%21cc(F)cs%21)c%21nn(CC)nc%19%21)C(=O)N(CC)C%20=O)cc%18F)cc%17c(-c%17ccc(CC)s%17)c%16s%15)s%14)c%14nn(CC)nc%12%14)C(=O)N(CC)C%13=O)cc%11F)cc%10c(-c%10ccc(CC)s%10)c9s8)s7)c7nn(CC)nc57)C(=O)N(CC)C6=O)cc4F)sc3c(-c3ccc(CC)s3)c3ccsc23)s1,,,,,,,0.87,23.96,0.7267,15.11,10.1021/acsenergylett.0c02053,,,,,,,,,,
BTCT-2Cl,CCc1sc(-c2c3cc(-c4ccc(-c5sc(-c6ccc(-c7cc8c(-c9cc(F)c(CC)s9)c9sc(-c%10ccc(-c%11sc(-c%12ccc(-c%13cc%14c(-c%15cc(F)c(CC)s%15)c%15sc(-c%16ccc(-c%17sc(-c%18cccs%18)c%18c%17C(=O)c%17c(CC)sc(CC)c%17C%18=O)s%16)cc%15c(-c%15cc(F)c(CC)s%15)c%14s%13)s%12)c%12c%11C(=O)c%11c(CC)sc(CC)c%11C%12=O)s%10)cc9c(-c9cc(F)c(CC)s9)c8s7)s6)c6c5C(=O)c5c(CC)sc(CC)c5C6=O)s4)sc3c(-c3cc(F)c(CC)s3)c3ccsc23)cc1F,PBDB-TF,CCc1sc(-c2c3cc(-c4ccc(-c5sc(-c6ccc(-c7cc8c(-c9cc(F)c(CC)s9)c9sc(-c%10ccc(-c%11sc(-c%12ccc(-c%13cc%14c(-c%15cc(F)c(CC)s%15)c%15sc(-c%16ccc(-c%17sc(-c%18cccs%18)c%18c%17C(=O)c%17c(CC)sc(CC)c%17C%18=O)s%16)cc%15c(-c%15cc(F)c(CC)s%15)c%14s%13)s%12)c%12c%11C(=O)c%11c(CC)sc(CC)c%11C%12=O)s%10)cc9c(-c9cc(F)c(CC)s9)c8s7)s6)c6c5C(=O)c5c(CC)sc(CC)c5C6=O)s4)sc3c(-c3cc(F)c(CC)s3)c3ccsc23)cc1F,,,,,,,0.877,24.4,0.704,15.1,10.1021/acs.chemmater.0c01245,,,,,,,,,,
FO-2F,CCC1(CC)Oc2cc3c(cc2-c2sc(/C=C4\C(=O)c5cc(F)c(F)cc5C4=C(C#N)C#N)cc21)C(CC)(CC)c1cc2c(cc1-3)OC(CC)(CC)c1cc(/C=C3\C(=O)c4cc(F)c(F)cc4C3=C(C#N)C#N)sc1-2,PBDB-TF,CCc1sc(-c2c3cc(-c4ccc(-c5sc(-c6ccc(-c7cc8c(-c9cc(F)c(CC)s9)c9sc(-c%10ccc(-c%11sc(-c%12ccc(-c%13cc%14c(-c%15cc(F)c(CC)s%15)c%15sc(-c%16ccc(-c%17sc(-c%18cccs%18)c%18c%17C(=O)c%17c(CC)sc(CC)c%17C%18=O)s%16)cc%15c(-c%15cc(F)c(CC)s%15)c%14s%13)s%12)c%12c%11C(=O)c%11c(CC)sc(CC)c%11C%12=O)s%10)cc9c(-c9cc(F)c(CC)s9)c8s7)s6)c6c5C(=O)c5c(CC)sc(CC)c5C6=O)s4)sc3c(-c3cc(F)c(CC)s3)c3ccsc23)cc1F,,,,,,,0.878,22.26,0.77,15.05,10.1039/D0TA03087B,,,,,,,,,,
IPTBO-4Cl,CCc1sc(-c2c3cc(-c4ccc(-c5sc(-c6ccc(-c7cc8c(-c9cc(F)c(CC)s9)c9sc(-c%10ccc(-c%11sc(-c%12ccc(-c%13cc%14c(-c%15cc(F)c(CC)s%15)c%15sc(-c%16ccc(-c%17sc(-c%18cccs%18)c%18c%17C(=O)c%17c(CC)sc(CC)c%17C%18=O)s%16)cc%15c(-c%15cc(F)c(CC)s%15)c%14s%13)s%12)c%12c%11C(=O)c%11c(CC)sc(CC)c%11C%12=O)s%10)cc9c(-c9cc(F)c(CC)s9)c8s7)s6)c6c5C(=O)c5c(CC)sc(CC)c5C6=O)s4)sc3c(-c3cc(F)c(CC)s3)c3ccsc23)cc1F,PBDB-TF,CCc1sc(-c2c3cc(-c4ccc(-c5sc(-c6ccc(-c7cc8c(-c9cc(F)c(CC)s9)c9sc(-c%10ccc(-c%11sc(-c%12ccc(-c%13cc%14c(-c%15cc(F)c(CC)s%15)c%15sc(-c%16ccc(-c%17sc(-c%18cccs%18)c%18c%17C(=O)c%17c(CC)sc(CC)c%17C%18=O)s%16)cc%15c(-c%15cc(F)c(CC)s%15)c%14s%13)s%12)c%12c%11C(=O)c%11c(CC)sc(CC)c%11C%12=O)s%10)cc9c(-c9cc(F)c(CC)s9)c8s7)s6)c6c5C(=O)c5c(CC)sc(CC)c5C6=O)s4)sc3c(-c3cc(F)c(CC)s3)c3ccsc23)cc1F,,,,,,,0.893,23.15,0.7257,15,10.1039/D0TA00651C,,,,,,,,,,
PY-T-y,CC(C)(C)c%13ccc%12c(=C(C#N)C#N)c(=Cc%11sc9c(sc%10c8c1nsnc1c7c6sc5c([C11])c(C=c4c(=O)c3cc(c2ccc(C(C)(C)C)s2)ccc3c4=C(C#N)C#N)sc5c6n(CC([C8])[C10])c7c8n(CC([C8])[C10])c9%10)c%11[C11])c(=O)c%12c%13,PM6,FC1=C(CC(CCCC)CC)SC(C2=C(C=C(C3=CC=C(C4=C5C(C(C6=C(CC(CC)CCCC)SC(CC(CCCC)CC)=C6C5=O)=O)=C(C7=CC=C([H])S7)S4)S3)S8)C8=C(C9=CC(F)=C(CC(CCCC)CC)S9)C%10=C2SC([H])=C%10)=C1,,,,,,,0.929,24,0.719,16.1,10.1002/adma.202200361,,,,,,,,,,
o-BTP-C6Ph,CCCCCCc1ccccc1c4c(C=c3c(=O)c2cc(F)c(F)cc2c3=C(C#N)C#N)sc%13c4sc%14c%12c5nsnc5c%11c%10sc9c(c6ccccc6CCCCCC)c(C=c8c(=O)c7cc(F)c(F)cc7c8=C(C#N)C#N)sc9c%10n(CC(CC)CCCC)c%11c%12n(CC(CC)CCCC)c%13%14,PTQ10,[H]C1=C(F)C(F)=C(C2=CC=C([H])S2)C3=C1N=C(OCC(CCCCCC)CCCCCCCC)C=N3,,,,,,,0.924,22.8,0.762,16,https://doi.org/10.1039/D0EE03506H,,,,,,,,,,













































































































