"","Mol_don","Mol_acc","PCE","Voc","Jsc","FF","SMILES_acc","SMILES_don","DOI"
"0","D18","S9TBO-F","17.17","0.838","28.19","0.749","CCCCCCCCCc3c(C=c2c(=O)c1cc(F)c(F)cc1c2=C(C#N)C#N)sc%11c3sc%12c%10c4n[se]nc4c9c8sc7c(CCCCCCCCC)c(C=c6c(=O)c5cc(F)c(F)cc5c6=C(C#N)C#N)sc7c8n(CC(CCCC)CCCCCC)c9c%10n(CC(CCCC)CCCCCC)c%11%12","CCCCCCC(CC1=CSC(C2=CC3=C(C4=C(C5=NSN=C53)C=C(S4)C6=CC(CC(CCCCCC)CCCC)=C(S6)C7=CC8=C(C9=C(C(C%10=CC(F)=C(N%10)CC(CCCC)CC)=C8S7)C=CS9)C%11=CC(F)=C(S%11)CC(CCCC)CC)S2)=C1)CCCC","10.1002/adma.202202089"
"1","D18","BS3TSe-4F","18.48","0.828","29.4","0.759","CCCCCCCCCc3c(C=c2c(=O)c1cc(F)c(F)cc1c2=C(C#N)C#N)sc%11c3sc%12c%10c4n[se]nc4c9c8sc7c(CCCCCCCCC)c(C=c6c(=O)c5cc(F)c(F)cc5c6=C(C#N)C#N)[se]c7c8n(CC(CCCC)CCCCCC)c9c%10n(CC(CCCC)CCCCCC)c%11%12","CCCCCCC(CC1=CSC(C2=CC3=C(C4=C(C5=NSN=C53)C=C(S4)C6=CC(CC(CCCCCC)CCCC)=C(S6)C7=CC8=C(C9=C(C(C%10=CC(F)=C(N%10)CC(CCCC)CC)=C8S7)C=CS9)C%11=CC(F)=C(S%11)CC(CCCC)CC)S2)=C1)CCCC","10.1002/adma.202202089"
"2","PM6","Y-BO-FCl","17.52","0.85","23.45","0.779","CCCCCCC(CCCC)CN7c3c(sc4c([C11])c(C=c2c(=O)c1cc(Br)c(F)cc1c2=C([CN])[CN])sc34)C6c5nsnc5c8c(C67)n(CC(CCCC)CCCCCC)c%12c8sc%11c([C11])c(C(C)C/%10C(=O)c9cc(Br)c(F)cc9C%10=C([CN])\[CN])sc%11%12","FC1=C(CC(CCCC)CC)SC(C2=C(C=C(C3=CC=C(C4=C5C(C(C6=C(CC(CC)CCCC)SC(CC(CCCC)CC)=C6C5=O)=O)=C(C7=CC=C([H])S7)S4)S3)S8)C8=C(C9=CC(F)=C(CC(CCCC)CC)S9)C%10=C2SC([H])=C%10)=C1","10.1039/d1ee01832a"
"3","PM6","Y-BO-FBr","16.47","0.85","25.83","0.75","CCCCCCC(CCCC)Cn%12c4c3sc(C=c2c(=O)c1cc(Br)c(F)cc1c2=C(C#N)C#N)c([C11])c3sc4c%11c5nsnc5c%10c9sc8c([C11])c(C=c7c(=O)c6cc(Br)c(F)cc6c7=C(C#N)C#N)sc8c9n(CC(CCCC)CCCCCC)c%10c%11%12","FC1=C(CC(CCCC)CC)SC(C2=C(C=C(C3=CC=C(C4=C5C(C(C6=C(CC(CC)CCCC)SC(CC(CCCC)CC)=C6C5=O)=O)=C(C7=CC=C([H])S7)S4)S3)S8)C8=C(C9=CC(F)=C(CC(CCCC)CC)S9)C%10=C2SC([H])=C%10)=C1","10.1039/d1ee01832a"
"4","PM6","PY-V-y","17.1","0.912","24.8","0.758","CC(C)(C)/C=C/c%12ccc%11c(=C(C#N)C#N)c(=Cc%10sc8c(sc9c7c1nsnc1c6c5sc4c([C11])c(C=c3c(=O)c2cc(C(C)(C)C)ccc2c3=C(C#N)C#N)sc4c5n(CC([C8])[C10])c6c7n(CC([C8])[C10])c89)c%10[C11])c(=O)c%11c%12","FC1=C(CC(CCCC)CC)SC(C2=C(C=C(C3=CC=C(C4=C5C(C(C6=C(CC(CC)CCCC)SC(CC(CCCC)CC)=C6C5=O)=O)=C(C7=CC=C([H])S7)S4)S3)S8)C8=C(C9=CC(F)=C(CC(CCCC)CC)S9)C%10=C2SC([H])=C%10)=C1","10.1002/adma.202200361"
"5","PM6","PY-2T-y","15.3","0.933","23.5","0.699","CC(C)(C)c%14ccc%13c(=C(C#N)C#N)c(=Cc%12sc%10c(sc%11c9c1nsnc1c8c7sc6c([C11])c(C=c5c(=O)c4cc(c3ccc(c2ccc(C(C)(C)C)s2)s3)ccc4c5=C(C#N)C#N)sc6c7n(CC([C8])[C10])c8c9n(CC([C8])[C10])c%10%11)c%12[C11])c(=O)c%13c%14","FC1=C(CC(CCCC)CC)SC(C2=C(C=C(C3=CC=C(C4=C5C(C(C6=C(CC(CC)CCCC)SC(CC(CCCC)CC)=C6C5=O)=O)=C(C7=CC=C([H])S7)S4)S3)S8)C8=C(C9=CC(F)=C(CC(CCCC)CC)S9)C%10=C2SC([H])=C%10)=C1","10.1002/adma.202200361"
"6","PBDTT1Cl","Y18-1F","17.1","0.87","27.7","0.713","CCCCCCCCc3c(C=c2c(=O)c1cc*(F)ccc1c2=C(C#N)C#N)sc%11c3sc%12c%10c4nn(CC(CCC)CCCCC)nc4c9c8sc7cc(C=c6c(=O)c5cc*(F)ccc5c6=C(C#N)C#N)sc7c8n(CC(CC)CCCCC)c9c%10n(CC(CC)CCCCC)c%11%12","CCCCC(CC)Cc%12ccc(c%10c2cc(c1sc(C(C)(C)C)cc1Cl)sc2c(c3ccc(CC(CCC)CCCC)s3)c%11cc(c9sc(c8cc7c(c4ccc(CC(CC)CCCC)s4)c5sc(C(C)(C)C)cc5c(c6ccc(CC(CC)CCCC)s6)c7s8)cc9Cl)sc%10%11)s%12","10.1002/adma.20215483"
"7","PM6","BTP-T-3Cl","17.61","0.893","26.02","0.757","CCCCCCC(CCCC)Cn%13c4c3sc(C=c2c(=O)c1cc(Cl)c(Cl)cc1c2=C(C#N)C#N)c([C11])c3sc4c%12c5nsnc5c%11c%10sc9c([C11])c(C=c8c(=O)c7cc6sc(Cl)cc6cc7c8=C(C#N)C#N)sc9c%10n(CC(CCCC)CCCCCC)c%11c%12%13","FC1=C(CC(CCCC)CC)SC(C2=C(C=C(C3=CC=C(C4=C5C(C(C6=C(CC(CC)CCCC)SC(CC(CCCC)CC)=C6C5=O)=O)=C(C7=CC=C([H])S7)S4)S3)S8)C8=C(C9=CC(F)=C(CC(CCCC)CC)S9)C%10=C2SC([H])=C%10)=C1","10.1002/adfm.202108614"
"8","PBDB-T","BTP-T-2Cl","15.37","0.863","25.63","0.693","CCCCCCC(CCCC)Cn%14c5c4sc(C=c3c(=O)c2cc1sc(Cl)cc1cc2c3=C(C#N)C#N)c([C11])c4sc5c%13c6nsnc6c%12c%11sc%10c([C11])c(C=c9c(=O)c8cc7sc(Cl)cc7cc8c9=C(C#N)C#N)sc%10c%11n(CC(CCCC)CCCCCC)c%12c%13%14","[H]C1=CC2=C(S1)C(C3=CC=C(CC(CC)CCCC)S3)=C4C(SC(C5=CC=C(C6=C7C(C(C8=C(CC(CC)CCCC)SC(CC(CC)CCCC)=C8C7=O)=O)=C(C9=CC=C([H])S9)S6)S5)=C4)=C2C%10=CC=C(CC(CC)CCCC)S%10","10.1002/adfm.202108614"
"9","P5TCN-2F","Y6","16.1","0.85","25.07","0.75","CCCCCCCCCCCC1=C(SC2=C1SC1=C2N(CC(CC)CCCC)C2=C1C1=NSN=C1C1=C2N(CC(CC)CCCC)C2=C1SC1=C2SC(C=C2C(=O)C3=CC(F)=C(F)C=C3C2=C(C#N)C#N)=C1CCCCCCCCCCC)C=C1C(=O)C2=CC(F)=C(F)C=C2C1=C(C#N)C#N","CCCCCCCCCCC(CCCCCCCC)CCc3cc(c2sc(c1cc(CC(CCCCCCCC)CCCCCCCCCC)c([]n]C)s1)cc2C#N)sc3c5cc(F)c(c4sc([[]C)cc4F)s5","10.1002/adfm.202201142"
"10","P5TCN-2F","Y6-BO","15.8","0.87","24.02","0.754","CCCCCCCCCCCc3c(C=c2c(=O)c1cc(F)c(F)cc1c2=C(C#N)C#N)sc%11c3sc%12c%10c4nsnc4c9c8sc7c(CCCCCCCCCCC)c(C=c6c(=O)c5cc(F)c(F)cc5c6=C(C#N)C#N)sc7c8n(CC(CCCC)CCCCCC)c9c%10n(CC(CCCC)CCCCCC)c%11%12","CCCCCCCCCCC(CCCCCCCC)CCc3cc(c2sc(c1cc(CC(CCCCCCCC)CCCCCCCCCC)c([]n]C)s1)cc2C#N)sc3c5cc(F)c(c4sc([[]C)cc4F)s5","10.1002/adfm.202201142"
"11","D18","L8-BO","19.05","0.9","24.55","0.758","CCc1sc(-c2c3cc(-c4ccc(-c5sc(-c6ccc(-c7cc8c(-c9cc(F)c(CC)s9)c9sc(-c%10ccc(-c%11sc(-c%12ccc(-c%13cc%14c(-c%15cc(F)c(CC)s%15)c%15sc(-c%16ccc(-c%17sc(-c%18cccs%18)c%18c%17C(=O)c%17c(CC)sc(CC)c%17C%18=O)s%16)cc%15c(-c%15cc(F)c(CC)s%15)c%14s%13)s%12)c%12c%11C(=O)c%11c(CC)sc(CC)c%11C%12=O)s%10)cc9c(-c9cc(F)c(CC)s9)c8s7)s6)c6c5C(=O)c5c(CC)sc(CC)c5C6=O)s4)sc3c(-c3cc(F)c(CC)s3)c3ccsc23)cc1F","CCCCCCC(CC1=CSC(C2=CC3=C(C4=C(C5=NSN=C53)C=C(S4)C6=CC(CC(CCCCCC)CCCC)=C(S6)C7=CC8=C(C9=C(C(C%10=CC(F)=C(N%10)CC(CCCC)CC)=C8S7)C=CS9)C%11=CC(F)=C(S%11)CC(CCCC)CC)S2)=C1)CCCC","10.1002/adma.202204718"
"12","PM6","CH4","16.49","0.888","26.11","0.711","C","FC1=C(CC(CCCC)CC)SC(C2=C(C=C(C3=CC=C(C4=C5C(C(C6=C(CC(CC)CCCC)SC(CC(CCCC)CC)=C6C5=O)=O)=C(C7=CC=C([H])S7)S4)S3)S8)C8=C(C9=CC(F)=C(CC(CCCC)CC)S9)C%10=C2SC([H])=C%10)=C1","10.1002/anie.202209580"
"13","L2","N3","16.69","0.87","24.99","0.768","CCc1csc(-c2cc3c4nsnc4c4cc(-c5cc(CC)c(-c6cc7c(-c8cc(F)c(CC)s8)c8sc(-c9sc(-c%10cc%11c%12nsnc%12c%12cc(-c%13cc(CC)c(-c%14cc%15c(-c%16cc(F)c(CC)s%16)c%16sc(-c%17sc(-c%18cc%19c%20nsnc%20c%20cc(-c%21cc(CC)c(-c%22cc%23c(-c%24cc(F)c(CC)s%24)c%24sccc%24c(-c%24cc(F)c(CC)s%24)c%23s%22)s%21)sc%20c%19s%18)cc%17CC)cc%16c(-c%16cc(F)c(CC)s%16)c%15s%14)s%13)sc%12c%11s%10)cc9CC)cc8c(-c8cc(F)c(CC)s8)c7s6)s5)sc4c3s2)c1","CCCCCCC(CCCC)Cc5cc(c4cc3c(=O)oc2cc(c1cc(CC(CCCC)CCCCCC)c(C(C)(C)C)s1)sc2c3s4)sc5c%10cc9c(c6cc(F)c(CC(CC)CCCC)s6)c7sc(C(C)(C)C)cc7c(c8cc(F)c(CC(CC)CCCC)s8)c9s%10","10.1039/d1ta10233h"
"14","PBQ6","m-THE","18.51","0.88","26.61","0.79","CCCCCCCC(CCCC)Cn%14c5c4sc(C=c2c(=O)c1cc(F)c(F)cc1c2=C(C#N)C#N)c(c3cc(CC(CC)CCCC)cs3)c4sc5c%13c6nsnc6c%12c%11sc%10c(c7cc(CC(CC)CCCCC)cs7)c(C=c9c(=O)c8cc(F)c(F)cc8c9=C(C#N)C#N)sc%10c%11n(CC(CCCCC)CCCCCC)c%12c%13%14.C","CCCCC(CC1=C(C=C(S1)C2=NC3=C(C(F)=C(C(C4=CC=CS4)=C3N=C2C5=CC(F)=C(S5)CC(CCC)CC)F)C6=CC=C(S6)C7=CC8=C(C(C9=CC(F)=C(S9)CC(CCCC)CC)=C%10C=CSC%10=C8C%11=CC(F)=C(S%11)CC(CCCC)CC)S7)F)CC","10.1039/d2ee00430e"
"15","PM6","YCF3","18.21","0.861","27.56","0.768","CCCCCCCCCCCc3c(C=c2c(=O)c1cc(F)c(F)cc1c2=C(C#N)C#N)sc%11c3sc%12c%10c4nn(CCCC(F)(F)F)nc4c9c8sc7c(CCCCCCCCCCC)c(C=c6c(=O)c5cc(F)c(F)cc5c6=C(C#N)C#N)sc7c8n(CC(CC)CCCC)c9c%10n(CC(CC)CCCC)c%11%12","FC1=C(CC(CCCC)CC)SC(C2=C(C=C(C3=CC=C(C4=C5C(C(C6=C(CC(CC)CCCC)SC(CC(CCCC)CC)=C6C5=O)=O)=C(C7=CC=C([H])S7)S4)S3)S8)C8=C(C9=CC(F)=C(CC(CCCC)CC)S9)C%10=C2SC([H])=C%10)=C1","10.1021/acsenergylett.2c02140"
"16","PM6","YCH3","15.53","0.872","25.45","0.7","CCCCCCCCCCCc3c(C=c2c(=O)c1cc(F)c(F)cc1c2=C(C#N)C#N)sc%11c3sc%12c%10c4nn(CCCC)nc4c9c8sc7c(CCCCCCCCCCC)c(C=c6c(=O)c5cc(F)c(F)cc5c6=C(C#N)C#N)sc7c8n(CC(CC)CCCC)c9c%10n(CC(CC)CCCC)c%11%12","FC1=C(CC(CCCC)CC)SC(C2=C(C=C(C3=CC=C(C4=C5C(C(C6=C(CC(CC)CCCC)SC(CC(CCCC)CC)=C6C5=O)=O)=C(C7=CC=C([H])S7)S4)S3)S8)C8=C(C9=CC(F)=C(CC(CCCC)CC)S9)C%10=C2SC([H])=C%10)=C1","10.1021/acsenergylett.2c02140"
"17","PM6","Y6-1OBO","18.02","0.93","25.13","0.771","CC=c2c(=O)c1cc(F)c(F)cc1c2=C(C#N)C#N.CCCCCCC(CCCC)COc1csc9c1sc%10c8c2nsnc2c7c6sc5c(CC(CCCC)CCCCCC)c(C=c4c(=O)c3cc(F)c(F)cc3c4=C(C#N)C#N)sc5c6cc(CC(CC)CCCC)c7c8n(CC(CC)CCCC)c9%10","FC1=C(CC(CCCC)CC)SC(C2=C(C=C(C3=CC=C(C4=C5C(C(C6=C(CC(CC)CCCC)SC(CC(CCCC)CC)=C6C5=O)=O)=C(C7=CC=C([H])S7)S4)S3)S8)C8=C(C9=CC(F)=C(CC(CCCC)CC)S9)C%10=C2SC([H])=C%10)=C1","10.1021/acs.chemmater.2c02851"
"18","PM6","QX-THF","17.45","0.902","24.49","0.789","CCCCCCCCCc3c(C=c2c(=O)c1cc(Cl)c(Cl)cc1c2=C(C#N)C#N)sc(C)c3SC.CCCCCCCCCc3c(C=c2c(=O)c1cc(Cl)c(Cl)cc1c2=C(C#N)C#N)sc%10c3sc9c7c(c4c(ccn4CC(CCC)CCCCCC)C8/N=C(c5cc(F)c(CC(CC)CCCC)s5)\C(c6cc(F)c(CC(CC)CCCC)s6)=N/C78)n(CC(CCCC)CCCCCC)c9%10","FC1=C(CC(CCCC)CC)SC(C2=C(C=C(C3=CC=C(C4=C5C(C(C6=C(CC(CC)CCCC)SC(CC(CCCC)CC)=C6C5=O)=O)=C(C7=CC=C([H])S7)S4)S3)S8)C8=C(C9=CC(F)=C(CC(CCCC)CC)S9)C%10=C2SC([H])=C%10)=C1","10.1021/acsenergylett.2c01589"
"19","SZ5","BPT-4F","16.8","0.853","24.8","0.791","CCn1c2c3sc(/C=C4\C(=O)c5cc(F)c(F)cc5C4=C(C#N)C#N)cc3sc2c2c3nsnc3c3c4sc5cc(/C=C6\C(=O)c7cc(F)c(F)cc7C6=C(C#N)C#N)sc5c4n(CC)c3c21","CCn1c2c3sc(/C=C4\C(=O)c5cc(F)c(F)cc5C4=C(C#N)C#N)cc3sc2c2c3nsnc3c3c4sc5cc(/C=C6\C(=O)c7cc(F)c(F)cc7C6=C(C#N)C#N)sc5c4n(CC)c3c21","10.1002/nano.202100036"
"20","PBQx-TF","eC9-2Cl","17.7","0.868","25.9","0.786","CCc1c(/C=C2\C(=O)c3ccc(Cl)cc3C2=C(C#N)C#N)sc2c1sc1c3c4nsnc4c4c5sc6c(CC)c(/C=C7\C(=O)c8ccc(Cl)cc8C7=C(C#N)C#N)sc6c5n(CC)c4c3n(CC)c21","CCc1csc(-c2cc3c(s2)-c2sc(-c4cc(CC)c(-c5cc6c(-c7cc(F)c(CC)s7)c7sc(-c8sc(-c9cc%10c(s9)-c9sc(-c%11cc(CC)c(-c%12cc%13c(-c%14cc(F)c(CC)s%14)c%14sc(-c%15sc(-c%16cc%17c(s%16)-c%16sc(-c%18cc(CC)c(-c%19cc%20c(-c%21cc(F)c(CC)s%21)c%21sccc%21c(-c%21cc(F)c(CC)s%21)c%20s%19)s%18)cc%16[C@H]%16N=CC=N[C@H]%17%16)cc%15CC)cc%14c(-c%14cc(F)c(CC)s%14)c%13s%12)s%11)cc9[C@H]9N=CC=N[C@H]%109)cc8CC)cc7c(-c7cc(F)c(CC)s7)c6s5)s4)cc2[C@H]2N=CC=N[C@H]32)c1","10.1002/adma.202102420"
"21","PBDB-TF","ABP4T-4F","15.2","0.922","22","0.751","CCc1c(/C=C2\C(=O)c3cc(F)c(F)cc3C2=C(C#N)C#N)sc2c1sc1c2sc2c3c4nsnc4c4c5sc(/C=C6\C(=O)c7cc(F)c(F)cc7C6=C(C#N)C#N)c(CC)c5n(CC)c4c3n(CC)c12","CCc1c(/C=C2\C(=O)c3cc(F)c(F)cc3C2=C(C#N)C#N)sc2c1sc1c2sc2c3c4nsnc4c4c5sc(/C=C6\C(=O)c7cc(F)c(F)cc7C6=C(C#N)C#N)c(CC)c5n(CC)c4c3n(CC)c12","10.1002/aenm.202003177"
"22","PBDB-TF","FO-2F","15.05","0.878","22.26","0.77","CCC1(CC)Oc2cc3c(cc2-c2sc(/C=C4\C(=O)c5cc(F)c(F)cc5C4=C(C#N)C#N)cc21)C(CC)(CC)c1cc2c(cc1-3)OC(CC)(CC)c1cc(/C=C3\C(=O)c4cc(F)c(F)cc4C3=C(C#N)C#N)sc1-2","[H]C(S1)=CC2=C1C(C3=CC(F)=C(CC(CC)CCCC)S3)=C(C=C(C4=CC=C(C5=C6C(C(C7=C(CC(CC)CCCC)SC(CC(CC)CCCC)=C7C6=O)=O)=C(C8=CC=C([H])S8)S5)S4)S9)C9=C2C%10=CC(F)=C(CC(CC)CCCC)S%10","10.1039/D0TA03087B"
"23","PBDB-TF","BTIC-CF3-y","15.59","0.85","25.19","0.7282","CCc1c(/C=C2\C(=O)c3cc(C(F)(F)F)ccc3C2=C(C#N)C#N)sc2c1sc1c3c4nsnc4c4c5sc6c(CC)c(/C=C7\C(=O)c8cc(C(F)(F)F)ccc8C7=C(C#N)C#N)sc6c5n(CC)c4c3n(CC)c21","[H]C(S1)=CC2=C1C(C3=CC(F)=C(CC(CC)CCCC)S3)=C(C=C(C4=CC=C(C5=C6C(C(C7=C(CC(CC)CCCC)SC(CC(CC)CCCC)=C7C6=O)=O)=C(C8=CC=C([H])S8)S5)S4)S9)C9=C2C%10=CC(F)=C(CC(CC)CCCC)S%10","10.1016/j.joule.2020.02.004"
"24","PBDB-TF","BTP-S1","15.21","0.934","22.39","0.727","CCc1c(/C=C2\C(=O)c3cc(F)c(F)cc3C2=C(C#N)C#N)sc2c1sc1c3c4nsnc4c4c5sc6c(CC)c(/C=C7\C(=O)c8c(Cl)c(Cl)c(Cl)c(Cl)c8C7=C(C#N)C#N)sc6c5n(CC)c4c3n(CC)c21","[H]C(S1)=CC2=C1C(C3=CC(F)=C(CC(CC)CCCC)S3)=C(C=C(C4=CC=C(C5=C6C(C(C7=C(CC(CC)CCCC)SC(CC(CC)CCCC)=C7C6=O)=O)=C(C8=CC=C([H])S8)S5)S4)S9)C9=C2C%10=CC(F)=C(CC(CC)CCCC)S%10","10.1002/adma.202001160"
"25","PBDB-TF","BTP-S2","16.37","0.945","24.07","0.72","CCc1c(/C=C2\C(=O)c3cc(Cl)c(Cl)cc3C2=C(C#N)C#N)sc2c1sc1c3c4nsnc4c4c5sc6c(CC)c(/C=C7\C(=O)c8c(Cl)c(Cl)c(Cl)c(Cl)c8C7=C(C#N)C#N)sc6c5n(CC)c4c3n(CC)c21","[H]C(S1)=CC2=C1C(C3=CC(F)=C(CC(CC)CCCC)S3)=C(C=C(C4=CC=C(C5=C6C(C(C7=C(CC(CC)CCCC)SC(CC(CC)CCCC)=C7C6=O)=O)=C(C8=CC=C([H])S8)S5)S4)S9)C9=C2C%10=CC(F)=C(CC(CC)CCCC)S%10","10.1002/adma.202001160"
"26","PBDB-TF","BTP-2Cl-delta","15.4","0.89","24.3","0.711","CCc1sc(-c2c3cc(-c4ccc(-c5sc(-c6ccc(-c7cc8c(-c9cc(F)c(CC)s9)c9sc(-c%10ccc(-c%11sc(-c%12ccc(-c%13cc%14c(-c%15cc(F)c(CC)s%15)c%15sc(-c%16ccc(-c%17sc(-c%18cccs%18)c%18c%17C(=O)c%17c(CC)sc(CC)c%17C%18=O)s%16)cc%15c(-c%15cc(F)c(CC)s%15)c%14s%13)s%12)c%12c%11C(=O)c%11c(CC)sc(CC)c%11C%12=O)s%10)cc9c(-c9cc(F)c(CC)s9)c8s7)s6)c6c5C(=O)c5c(CC)sc(CC)c5C6=O)s4)sc3c(-c3cc(F)c(CC)s3)c3ccsc23)cc1F","[H]C(S1)=CC2=C1C(C3=CC(F)=C(CC(CC)CCCC)S3)=C(C=C(C4=CC=C(C5=C6C(C(C7=C(CC(CC)CCCC)SC(CC(CC)CCCC)=C7C6=O)=O)=C(C8=CC=C([H])S8)S5)S4)S9)C9=C2C%10=CC(F)=C(CC(CC)CCCC)S%10","10.1021/acsami.0c16389"
"27","PBDB-TF","BTP-S9","17.56","0.846","26.47","0.784","CCc1c(/C=C2\C(=O)c3cc(Cl)c(Cl)cc3C2=C(C#N)C#N)sc2c1sc1c3c4nsnc4c4c5sc6c(CC)c(/C=C7\C(=O)c8cc9cc(F)c(F)cc9cc8C7=C(C#N)C#N)sc6c5n(CC)c4c3n(CC)c21","[H]C(S1)=CC2=C1C(C3=CC(F)=C(CC(CC)CCCC)S3)=C(C=C(C4=CC=C(C5=C6C(C(C7=C(CC(CC)CCCC)SC(CC(CC)CCCC)=C7C6=O)=O)=C(C8=CC=C([H])S8)S5)S4)S9)C9=C2C%10=CC(F)=C(CC(CC)CCCC)S%10","10.1038/s41467-021-24937-5"
"28","PBDB-TF","CH1007","17.08","0.822","27.48","0.756","CCc1c(/C=C2\C(=O)c3cc(F)c(F)cc3C2=C(C#N)C#N)[se]c2c1sc1c3c4nsnc4c4c5sc6c(CC)c(/C=C7\C(=O)c8cc(F)c(F)cc8C7=C(C#N)C#N)[se]c6c5n(CC)c4c3n(CC)c12","[H]C(S1)=CC2=C1C(C3=CC(F)=C(CC(CC)CCCC)S3)=C(C=C(C4=CC=C(C5=C6C(C(C7=C(CC(CC)CCCC)SC(CC(CC)CCCC)=C7C6=O)=O)=C(C8=CC=C([H])S8)S5)S4)S9)C9=C2C%10=CC(F)=C(CC(CC)CCCC)S%10","10.1021/jacs.0c07083"
"29","PBDB-TF","M34","15.24","0.91","23.63","0.707","CCc1sc(-c2c3cc(-c4ccc(-c5sc(-c6ccc(-c7cc8c(-c9cc(F)c(CC)s9)c9sc(-c%10ccc(-c%11sc(-c%12ccc(-c%13cc%14c(-c%15cc(F)c(CC)s%15)c%15sc(-c%16ccc(-c%17sc(-c%18cccs%18)c%18c%17C(=O)c%17c(CC)sc(CC)c%17C%18=O)s%16)cc%15c(-c%15cc(F)c(CC)s%15)c%14s%13)s%12)c%12c%11C(=O)c%11c(CC)sc(CC)c%11C%12=O)s%10)cc9c(-c9cc(F)c(CC)s9)c8s7)s6)c6c5C(=O)c5c(CC)sc(CC)c5C6=O)s4)sc3c(-c3cc(F)c(CC)s3)c3ccsc23)cc1F","[H]C(S1)=CC2=C1C(C3=CC(F)=C(CC(CC)CCCC)S3)=C(C=C(C4=CC=C(C5=C6C(C(C7=C(CC(CC)CCCC)SC(CC(CC)CCCC)=C7C6=O)=O)=C(C8=CC=C([H])S8)S5)S4)S9)C9=C2C%10=CC(F)=C(CC(CC)CCCC)S%10","10.1002/anie.202007907"
"30","PBDB-TF","IPTBO-4Cl","15","0.893","23.15","0.726","CCc1ccc(C2(c3ccc(CC)cc3)c3cc4c(cc3-c3sc(/C=C5\C(=O)c6cc(Cl)c(Cl)cc6C5=C(C#N)C#N)cc32)C(c2ccc(CC)cc2)(c2ccc(CC)cc2)c2c-4sc3c4sc(/C=C5\C(=O)c6cc(Cl)c(Cl)cc6C5=C(C#N)C#N)cc4n(CC)c23)cc1","[H]C(S1)=CC2=C1C(C3=CC(F)=C(CC(CC)CCCC)S3)=C(C=C(C4=CC=C(C5=C6C(C(C7=C(CC(CC)CCCC)SC(CC(CC)CCCC)=C7C6=O)=O)=C(C8=CC=C([H])S8)S5)S4)S9)C9=C2C%10=CC(F)=C(CC(CC)CCCC)S%10","10.1039/D0TA00651C"
"31","D18","Y6-Se","17.7","0.839","27.98","0.753","CCc1c(/C=C2\C(=O)c3cc(F)c(F)cc3C2=C(C#N)C#N)sc2c1sc1c3c4n[se]nc4c4c5sc6c(CC)c(/C=C7\C(=O)c8cc(F)c(F)cc8C7=C(C#N)C#N)sc6c5n(CC)c4c3n(CC)c21","CCCCCCC(CC1=CSC(C2=CC3=C(C4=C(C5=NSN=C53)C=C(S4)C6=CC(CC(CCCCCC)CCCC)=C(S6)C7=CC8=C(C9=C(C(C%10=CC(F)=C(N%10)CC(CCCC)CC)=C8S7)C=CS9)C%11=CC(F)=C(S%11)CC(CCCC)CC)S2)=C1)CCCC","10.1021/jacs.0c08557"
"32","PM6","BTP-T-4Cl-BO","17.2","0.844","26.74","0.761","CCCCCCC(CCCC)Cn%12c4c3sc(C=c2c(=O)c1cc(Cl)c(Cl)cc1c2=C(C#N)C#N)c([C11])c3sc4c%11c5nsnc5c%10c9sc8c([C11])c(C=c7c(=O)c6cc(Cl)c(Cl)cc6c7=C(C#N)C#N)sc8c9n(CC(CCCC)CCCCCC)c%10c%11%12","FC1=C(CC(CCCC)CC)SC(C2=C(C=C(C3=CC=C(C4=C5C(C(C6=C(CC(CC)CCCC)SC(CC(CCCC)CC)=C6C5=O)=O)=C(C7=CC=C([H])S7)S4)S3)S8)C8=C(C9=CC(F)=C(CC(CCCC)CC)S9)C%10=C2SC([H])=C%10)=C1","10.1002/adfm.202108614"
"33","PBDB-T","BTTPC-Br","15.22","0.86","24.71","0.71","CCc1c(/C=C2\C(=O)c3cc4cc(Br)sc4cc3C2=C(C#N)C#N)sc2c1sc1c3c4nsnc4c4c5sc6c(CC)c(/C=C7\C(=O)c8cc9cc(Br)sc9cc8C7=C(C#N)C#N)sc6c5n(CC)c4c3n(CC)c21","[H]C1=CC2=C(S1)C(C3=CC=C(CC(CC)CCCC)S3)=C4C(SC(C5=CC=C(C6=C7C(C(C8=C(CC(CC)CCCC)SC(CC(CC)CCCC)=C8C7=O)=O)=C(C9=CC=C([H])S9)S6)S5)=C4)=C2C%10=CC=C(CC(CC)CCCC)S%10","10.1002/adfm.202108614"
"34","PM6","CH6","18.33","0.875","26.62","0.784","C","FC1=C(CC(CCCC)CC)SC(C2=C(C=C(C3=CC=C(C4=C5C(C(C6=C(CC(CC)CCCC)SC(CC(CCCC)CC)=C6C5=O)=O)=C(C7=CC=C([H])S7)S4)S3)S8)C8=C(C9=CC(F)=C(CC(CCCC)CC)S9)C%10=C2SC([H])=C%10)=C1","10.1002/anie.202209580"
"35","L3","N3","17.23","0.86","26.39","0.759","CCc1csc(-c2cc3c4nsnc4c4cc(-c5cc(CC)c(-c6cc7c(-c8cc(F)c(CC)s8)c8sc(-c9sc(-c%10cc%11c%12nsnc%12c%12cc(-c%13cc(CC)c(-c%14cc%15c(-c%16cc(F)c(CC)s%16)c%16sc(-c%17sc(-c%18cc%19c%20nsnc%20c%20cc(-c%21cc(CC)c(-c%22cc%23c(-c%24cc(F)c(CC)s%24)c%24sccc%24c(-c%24cc(F)c(CC)s%24)c%23s%22)s%21)sc%20c%19s%18)cc%17CC)cc%16c(-c%16cc(F)c(CC)s%16)c%15s%14)s%13)sc%12c%11s%10)cc9CC)cc8c(-c8cc(F)c(CC)s8)c7s6)s5)sc4c3s2)c1","CCCCCCC(CCCC)CCC1=CSC(C2=CC3=C(S2)C2=C(C=C(C4=CC(CCC(CCCC)CCCCCC)=C(C5=CC6=C(C7=CC(F)=C(CC(CC)CCCC)S7)C7=C(C=C(C)S7)C(C7=CC(F)=C(CC(CC)CCCC)S7)=C6S5)S4)S2)C(=O)O3)=C1","10.1039/d1ta10233h"
"36","PBQ6","o-THE","16.22","0.882","26.1","0.704","CCCCCCCC(CCCC)Cn%14c5c4sc(C=c2c(=O)c1cc(F)c(F)cc1c2=C(C#N)C#N)c(c3cc(CC(CC)CCCC)cs3)c4sc5c%13c6nsnc6c%12c%11sc%10c(c7cc(CC(CC)CCCC)cs7)c(C=c9c(=O)c8cc(F)c(F)cc8c9=C(C#N)C#N)sc%10c%11n(CC(CCCCC)CCCCCC)c%12c%13%14.C.C","CCCCC(CC1=C(C=C(S1)C2=NC3=C(C(F)=C(C(C4=CC=CS4)=C3N=C2C5=CC(F)=C(S5)CC(CCC)CC)F)C6=CC=C(S6)C7=CC8=C(C(C9=CC(F)=C(S9)CC(CCCC)CC)=C%10C=CSC%10=C8C%11=CC(F)=C(S%11)CC(CCCC)CC)S7)F)CC","10.1039/d2ee00430e"
"37","D18","TTPIC-4F","17.1","0.883","25.24","0.766","CCCCCCCC(CCCCC)CC7(CC(CCCCC)CCCCCCC)Oc1cc8c(cc1c6sc5c(sc4cc(C=c3c(=O)c2cc(F)c(F)cc2c3=C(C#N)C#N)sc45)c67)OC(CC(CCCC)CCCCCC)(CC(CCCC)CCCCCC)c%11c8sc%12cc(C=c%10c(=O)c9cc(F)c(F)cc9c%10=C(C#N)C#N)sc%11%12","CCCCCCC(CC1=CSC(C2=CC3=C(C4=C(C5=NSN=C53)C=C(S4)C6=CC(CC(CCCCCC)CCCC)=C(S6)C7=CC8=C(C9=C(C(C%10=CC(F)=C(N%10)CC(CCCC)CC)=C8S7)C=CS9)C%11=CC(F)=C(S%11)CC(CCCC)CC)S2)=C1)CCCC","10.1002/adma.202207336"
"38","PM6","Y6-1O","16.81","0.9","25.51","0.735","CCOc1c(/C=C2\C(=O)c3cc(F)c(F)cc3C2=C(C#N)C#N)sc2c1sc1c3c4nsnc4c4c5sc6c(CC)c(/C=C7\C(=O)c8cc(F)c(F)cc8C7=C(C#N)C#N)sc6c5n(CC)c4c3n(CC)c21","FC1=C(CC(CCCC)CC)SC(C2=C(C=C(C3=CC=C(C4=C5C(C(C6=C(CC(CC)CCCC)SC(CC(CCCC)CC)=C6C5=O)=O)=C(C7=CC=C([H])S7)S4)S3)S8)C8=C(C9=CC(F)=C(CC(CCCC)CC)S9)C%10=C2SC([H])=C%10)=C1","10.1021/acs.chemmater.2c02851"
"39","PBDB-TF","BTP-PhC6","16.7","0.865","25","0.77","CCc1ccc(-c2c(/C=C3\C(=O)c4cc(F)c(F)cc4C3=C(C#N)C#N)sc3c2sc2c4c5nsnc5c5c6sc7c(-c8ccc(CC)cc8)c(/C=C8\C(=O)c9cc(F)c(F)cc9C8=C(C#N)C#N)sc7c6n(CC)c5c4n(CC)c32)cc1","[H]C(S1)=CC2=C1C(C3=CC(F)=C(CC(CC)CCCC)S3)=C(C=C(C4=CC=C(C5=C6C(C(C7=C(CC(CC)CCCC)SC(CC(CC)CCCC)=C7C6=O)=O)=C(C8=CC=C([H])S8)S5)S4)S9)C9=C2C%10=CC(F)=C(CC(CC)CCCC)S%10",""
"40","PTQ10","p-BTP-C6Ph","17.1","0.888","24.7","0.779","CCCCCCc%14ccc(c3c(C=c2c(=O)c1cc(F)c(F)cc1c2=C(C#N)C#N)sc%12c3sc%13c%11c4nsnc4c%10c9sc8c(c5ccc(CCCCCC)cc5)c(C=c7c(=O)c6cc(F)c(F)cc6c7=C(C#N)C#N)sc8c9n(CC(CC)CCCC)c%10c%11n(CC(CC)CCCC)c%12%13)cc%14.C.C.C","[H]C1=C(F)C(F)=C(C2=CC=C([H])S2)C3=C1N=C(OCC(CCCCCC)CCCCCCCC)C=N3","10.1039/D0EE03506H"
"41","PBDB-TF","BTIC-2Cl-yCF3","16.31","0.84","25.09","0.77","CCc1c(/C=C2\C(=O)c3cc(C(F)(F)F)ccc3C2=C(C#N)C#N)sc2c1sc1c3c4nsnc4c4c5sc6c(CC)c(/C=C7\C(=O)c8cc(Cl)c(Cl)cc8C7=C(C#N)C#N)sc6c5n(CC)c4c3n(CC)c21","[H]C(S1)=CC2=C1C(C3=CC(F)=C(CC(CC)CCCC)S3)=C(C=C(C4=CC=C(C5=C6C(C(C7=C(CC(CC)CCCC)SC(CC(CC)CCCC)=C7C6=O)=O)=C(C8=CC=C([H])S8)S5)S4)S9)C9=C2C%10=CC(F)=C(CC(CC)CCCC)S%10","10.1002/ange.202013053"
"42","PBDB-TF","DTTC-4Cl","15.42","0.92","22.64","0.74","CCc1ccc(C2(c3ccc(CC)cc3)c3cc4c5cc6c(cc5n(CC)c4cc3-c3sc4cc(/C=C5\C(=O)c7cc(Cl)c(Cl)cc7C5=C(C#N)C#N)sc4c32)-c2sc3cc(/C=C4\C(=O)c5cc(Cl)c(Cl)cc5C4=C(C#N)C#N)sc3c2C6(c2ccc(CC)cc2)c2ccc(CC)cc2)cc1","[H]C(S1)=CC2=C1C(C3=CC(F)=C(CC(CC)CCCC)S3)=C(C=C(C4=CC=C(C5=C6C(C(C7=C(CC(CC)CCCC)SC(CC(CC)CCCC)=C7C6=O)=O)=C(C8=CC=C([H])S8)S5)S4)S9)C9=C2C%10=CC(F)=C(CC(CC)CCCC)S%10","10.1039/C9TA12605H"
"43","PBDB-TF","Y6-O","16.6","0.95","22.4","0.78","CCOc1c(/C=C2\C(=O)c3cc(F)c(F)cc3C2=C(C#N)C#N)sc2c1sc1c3c4nsnc4c4c5sc6c(OCC)c(/C=C7\C(=O)c8cc(F)c(F)cc8C7=C(C#N)C#N)sc6c5n(CC)c4c3n(CC)c21","[H]C(S1)=CC2=C1C(C3=CC(F)=C(CC(CC)CCCC)S3)=C(C=C(C4=CC=C(C5=C6C(C(C7=C(CC(CC)CCCC)SC(CC(CC)CCCC)=C7C6=O)=O)=C(C8=CC=C([H])S8)S5)S4)S9)C9=C2C%10=CC(F)=C(CC(CC)CCCC)S%10","10.1039/D0TA10953C"
"44","PBDB-TF","Y6-1O","16.1","0.89","23.2","0.783","CCOc1c(/C=C2\C(=O)c3cc(F)c(F)cc3C2=C(C#N)C#N)sc2c1sc1c3c4nsnc4c4c5sc6c(CC)c(/C=C7\C(=O)c8cc(F)c(F)cc8C7=C(C#N)C#N)sc6c5n(CC)c4c3n(CC)c21","[H]C(S1)=CC2=C1C(C3=CC(F)=C(CC(CC)CCCC)S3)=C(C=C(C4=CC=C(C5=C6C(C(C7=C(CC(CC)CCCC)SC(CC(CC)CCCC)=C7C6=O)=O)=C(C8=CC=C([H])S8)S5)S4)S9)C9=C2C%10=CC(F)=C(CC(CC)CCCC)S%10","10.1002/aenm.202003141"
"45","P_chen","Y18-1D","15.25","0.84","24.53","0.74","CCn1nc2c(n1)c1c3c(c4cc(/C=C5\C(=O)c6cc(F)c(F)cc6C5=C(C#N)C#N)ccc4n3CC)n(CC)c1c1c2c2c(c3cc(/C=C4\C(=O)c5cc(F)c(F)cc5C4=C(C#N)C#N)ccc3n2CC)n1CC","CCn1nc2c(n1)c1c3c(c4cc(/C=C5\C(=O)c6cc(F)c(F)cc6C5=C(C#N)C#N)ccc4n3CC)n(CC)c1c1c2c2c(c3cc(/C=C4\C(=O)c5cc(F)c(F)cc5C4=C(C#N)C#N)ccc3n2CC)n1CC","10.1039/D0SE01343A"
"46","P2F-Ehp","BTPTT-4F","16.02","0.81","26.68","0.741","CCc1c(F)cc(-c2c3cc(-c4ccc(-c5c6c(c(-c7ccc(-c8cc9c(-c%10cc(F)c(CC)c(F)c%10)c%10sc(-c%11ccc(-c%12c%13c(c(-c%14ccc(-c%15cc%16c(-c%17cc(F)c(CC)c(F)c%17)c%17sc(-c%18ccc(-c%19c%20c(c(-c%21cccs%21)c%21nn(CC)nc%19%21)C(=O)N(CC)C%20=O)s%18)cc%17c(-c%17cc(F)c(CC)c(F)c%17)c%16s%15)s%14)c%14nn(CC)nc%12%14)C(=O)N(CC)C%13=O)s%11)cc%10c(-c%10cc(F)c(CC)c(F)c%10)c9s8)s7)c7nn(CC)nc57)C(=O)N(CC)C6=O)s4)sc3c(-c3cc(F)c(CC)c(F)c3)c3ccsc23)cc1F","CCc1c(/C=C2\C(=O)c3cc(F)c(F)cc3C2=C(C#N)C#N)sc2c1sc1c3c4nsnc4c4c5sc6cc(/C=C7\C(=O)c8cc(F)c(F)cc8C7=C(C#N)C#N)sc6c5n(CC)c4c3n(CC)c21","10.1007/s11426-019-9457-5"
"47","PTQ10","m-BTP-C6Ph","17.74","0.841","26.95","0.783","CCCCCCc%14cccc(c3c(C=c2c(=O)c1cc(F)c(F)cc1c2=C(C#N)C#N)sc%12c3sc%13c%11c4nsnc4c%10c9sc8c(c5cccc(CCCCCC)c5)c(C=c7c(=O)c6cc(F)c(F)cc6c7=C(C#N)C#N)sc8c9n(CC(CC)CCCC)c%10c%11n(CC(CC)CCCC)c%12%13)c%14.C","[H]C1=C(F)C(F)=C(C2=CC=C([H])S2)C3=C1N=C(OCC(CCCCCC)CCCCCCCC)C=N3","10.1007/s11426-021-1114-3"
"48","PTQ10","Y6","17.13","0.831","26.28","0.784","CCCCCCCCCCCC1=C(SC2=C1SC1=C2N(CC(CC)CCCC)C2=C1C1=NSN=C1C1=C2N(CC(CC)CCCC)C2=C1SC1=C2SC(C=C2C(=O)C3=CC(F)=C(F)C=C3C2=C(C#N)C#N)=C1CCCCCCCCCCC)C=C1C(=O)C2=CC(F)=C(F)C=C2C1=C(C#N)C#N","[H]C1=C(F)C(F)=C(C2=CC=C([H])S2)C3=C1N=C(OCC(CCCCCC)CCCCCCCC)C=N3","https://doi.org/10.1002/adma.201905480"
"49","PBDB-TF","BP5T-4F","16.7","0.888","24.6","0.763","CCc1c(/C=C2\C(=O)c3cc(F)c(F)cc3C2=C(C#N)C#N)sc2c1sc1c2sc2c3c4nsnc4c4c5sc6c(CC)c(/C=C7\C(=O)c8cc(F)c(F)cc8C7=C(C#N)C#N)sc6c5n(CC)c4c3n(CC)c12","CCc1c(/C=C2\C(=O)c3cc(F)c(F)cc3C2=C(C#N)C#N)sc2c1sc1c2sc2c3c4nsnc4c4c5sc6c(CC)c(/C=C7\C(=O)c8cc(F)c(F)cc8C7=C(C#N)C#N)sc6c5n(CC)c4c3n(CC)c12","10.1002/aenm.202003177"
"50","BTR-Cl","BTP-FCl-FCl","15.3","0.8234","24.58","0.754","CCc1c(/C=C2\C(=O)c3cc(Cl)c(F)cc3C2=C(C#N)C#N)sc2c1sc1c3c4nsnc4c4c5sc6c(CC)c(/C=C7\C(=O)c8cc(Cl)c(F)cc8C7=C(C#N)C#N)sc6c5n(CC)c4c3n(CC)c21","CCc1c(/C=C2\C(=O)c3cc(Cl)c(F)cc3C2=C(C#N)C#N)sc2c1sc1c3c4nsnc4c4c5sc6c(CC)c(/C=C7\C(=O)c8cc(Cl)c(F)cc8C7=C(C#N)C#N)sc6c5n(CC)c4c3n(CC)c21","10.1002/advs.202004262"
"51","D18","N3","18.56","0.86","27.44","0.785","CCc1csc(-c2cc3c4nsnc4c4cc(-c5cc(CC)c(-c6cc7c(-c8cc(F)c(CC)s8)c8sc(-c9sc(-c%10cc%11c%12nsnc%12c%12cc(-c%13cc(CC)c(-c%14cc%15c(-c%16cc(F)c(CC)s%16)c%16sc(-c%17sc(-c%18cc%19c%20nsnc%20c%20cc(-c%21cc(CC)c(-c%22cc%23c(-c%24cc(F)c(CC)s%24)c%24sccc%24c(-c%24cc(F)c(CC)s%24)c%23s%22)s%21)sc%20c%19s%18)cc%17CC)cc%16c(-c%16cc(F)c(CC)s%16)c%15s%14)s%13)sc%12c%11s%10)cc9CC)cc8c(-c8cc(F)c(CC)s8)c7s6)s5)sc4c3s2)c1","CCCCCCC(CC1=CSC(C2=CC3=C(C4=C(C5=NSN=C53)C=C(S4)C6=CC(CC(CCCCCC)CCCC)=C(S6)C7=CC8=C(C9=C(C(C%10=CC(F)=C(N%10)CC(CCCC)CC)=C8S7)C=CS9)C%11=CC(F)=C(S%11)CC(CCCC)CC)S2)=C1)CCCC","http://dx.doi.org/10.1007/s11426-021-1128-1"
"52","PBDB-TF","BTCT-2Cl","15.1","0.877","24.4","0.704","CCc1c(/C=C2\C(=O)c3c(csc3Cl)C2=C(C#N)C#N)sc2c1sc1c3c4nsnc4c4c5sc6c(CC)c(/C=C7\C(=O)c8c(csc8Cl)C7=C(C#N)C#N)sc6c5n(CC)c4c3n(CC)c21","[H]C(S1)=CC2=C1C(C3=CC(F)=C(CC(CC)CCCC)S3)=C(C=C(C4=CC=C(C5=C6C(C(C7=C(CC(CC)CCCC)SC(CC(CC)CCCC)=C7C6=O)=O)=C(C8=CC=C([H])S8)S5)S4)S9)C9=C2C%10=CC(F)=C(CC(CC)CCCC)S%10","10.1021/acs.chemmater.0c01245"
"53","PBDB-TF","BTP-S7","16.76","0.861","25.92","0.751","CCc1sc(-c2c3cc(-c4ccc(-c5sc(-c6ccc(-c7cc8c(-c9cc(F)c(CC)s9)c9sc(-c%10ccc(-c%11sc(-c%12ccc(-c%13cc%14c(-c%15cc(F)c(CC)s%15)c%15sc(-c%16ccc(-c%17sc(-c%18cccs%18)c%18c%17C(=O)c%17c(CC)sc(CC)c%17C%18=O)s%16)cc%15c(-c%15cc(F)c(CC)s%15)c%14s%13)s%12)c%12c%11C(=O)c%11c(CC)sc(CC)c%11C%12=O)s%10)cc9c(-c9cc(F)c(CC)s9)c8s7)s6)c6c5C(=O)c5c(CC)sc(CC)c5C6=O)s4)sc3c(-c3cc(F)c(CC)s3)c3ccsc23)cc1F","[H]C(S1)=CC2=C1C(C3=CC(F)=C(CC(CC)CCCC)S3)=C(C=C(C4=CC=C(C5=C6C(C(C7=C(CC(CC)CCCC)SC(CC(CC)CCCC)=C7C6=O)=O)=C(C8=CC=C([H])S8)S5)S4)S9)C9=C2C%10=CC(F)=C(CC(CC)CCCC)S%10","10.1038/s41467-021-24937-5"
"54","PBDB-TF","SY2","16.01","0.852","25.29","0.743","CCc1sc(-c2c3cc(-c4ccc(-c5sc(-c6ccc(-c7cc8c(-c9cc(F)c(CC)s9)c9sc(-c%10ccc(-c%11sc(-c%12ccc(-c%13cc%14c(-c%15cc(F)c(CC)s%15)c%15sc(-c%16ccc(-c%17sc(-c%18cccs%18)c%18c%17C(=O)c%17c(CC)sc(CC)c%17C%18=O)s%16)cc%15c(-c%15cc(F)c(CC)s%15)c%14s%13)s%12)c%12c%11C(=O)c%11c(CC)sc(CC)c%11C%12=O)s%10)cc9c(-c9cc(F)c(CC)s9)c8s7)s6)c6c5C(=O)c5c(CC)sc(CC)c5C6=O)s4)sc3c(-c3cc(F)c(CC)s3)c3ccsc23)cc1F","[H]C(S1)=CC2=C1C(C3=CC(F)=C(CC(CC)CCCC)S3)=C(C=C(C4=CC=C(C5=C6C(C(C7=C(CC(CC)CCCC)SC(CC(CC)CCCC)=C7C6=O)=O)=C(C8=CC=C([H])S8)S5)S4)S9)C9=C2C%10=CC(F)=C(CC(CC)CCCC)S%10","10.1002/adfm.202000456"
"55","PBDB-TF","SY1","16.83","0.871","25.41","0.76","CCc1c(/C=C2\C(=O)c3ccc(Cl)cc3C2=C(C#N)C#N)sc2c1sc1c3c4nsnc4c4c5sc6c(CC)c(/C=C7\C(=O)c8cc(F)c(F)cc8C7=C(C#N)C#N)sc6c5n(CC)c4c3n(CC)c21","[H]C(S1)=CC2=C1C(C3=CC(F)=C(CC(CC)CCCC)S3)=C(C=C(C4=CC=C(C5=C6C(C(C7=C(CC(CC)CCCC)SC(CC(CC)CCCC)=C7C6=O)=O)=C(C8=CC=C([H])S8)S5)S4)S9)C9=C2C%10=CC(F)=C(CC(CC)CCCC)S%10","10.1002/adfm.202000456"
"56","PBDB-TF","SY3","16.23","0.858","25.54","0.741","CCc1c(/C=C2\C(=O)c3ccc(Cl)cc3C2=C(C#N)C#N)sc2c1sc1c3c4nsnc4c4c5sc6c(CC)c(/C=C7\C(=O)c8cc(Cl)c(Cl)cc8C7=C(C#N)C#N)sc6c5n(CC)c4c3n(CC)c21","[H]C(S1)=CC2=C1C(C3=CC(F)=C(CC(CC)CCCC)S3)=C(C=C(C4=CC=C(C5=C6C(C(C7=C(CC(CC)CCCC)SC(CC(CC)CCCC)=C7C6=O)=O)=C(C8=CC=C([H])S8)S5)S4)S9)C9=C2C%10=CC(F)=C(CC(CC)CCCC)S%10","10.1002/adfm.202000456"
"57","PBDB-T","LL3","16.82","0.86","26.97","0.723","CCc1c(/C=C2\C(=O)c3cc(Cl)c(Cl)cc3C2=C(C#N)C#N)sc2c1sc1c3c4nn(CC)nc4c4c5sc6c(CC)c(/C=C7\C(=O)c8cc9c(cc8C7=C(C#N)C#N)C7C8C=CC(C8)C97)sc6c5n(CC)c4c3n(CC)c21","[H]C1=CC2=C(S1)C(C3=CC=C(CC(CC)CCCC)S3)=C4C(SC(C5=CC=C(C6=C7C(C(C8=C(CC(CC)CCCC)SC(CC(CC)CCCC)=C8C7=O)=O)=C(C9=CC=C([H])S9)S6)S5)=C4)=C2C%10=CC=C(CC(CC)CCCC)S%10","10.1002/adfm.202103445"
"58","PBDB-TF","BTP-ClBr","16.82","0.906","23.48","0.79","CCc1c(/C=C2\C(=O)c3c(ccc(Br)c3Cl)C2=C(C#N)C#N)sc2c1sc1c3c4nsnc4c4c5sc6c(CC)c(/C=C7\C(=O)c8c(ccc(Br)c8Cl)C7=C(C#N)C#N)sc6c5n(CC)c4c3n(CC)c21","[H]C(S1)=CC2=C1C(C3=CC(F)=C(CC(CC)CCCC)S3)=C(C=C(C4=CC=C(C5=C6C(C(C7=C(CC(CC)CCCC)SC(CC(CC)CCCC)=C7C6=O)=O)=C(C8=CC=C([H])S8)S5)S4)S9)C9=C2C%10=CC(F)=C(CC(CC)CCCC)S%10","10.1002/aenm.202002649"
"59","PBDB-TF","BTP-ClBr2","15.54","0.845","24.97","0.736","CCc1c(/C=C2\C(=O)c3c(Cl)cc(Br)cc3C2=C(C#N)C#N)sc2c1sc1c3c4nsnc4c4c5sc6c(CC)c(/C=C7\C(=O)c8c(Cl)cc(Br)cc8C7=C(C#N)C#N)sc6c5n(CC)c4c3n(CC)c21","[H]C(S1)=CC2=C1C(C3=CC(F)=C(CC(CC)CCCC)S3)=C(C=C(C4=CC=C(C5=C6C(C(C7=C(CC(CC)CCCC)SC(CC(CC)CCCC)=C7C6=O)=O)=C(C8=CC=C([H])S8)S5)S4)S9)C9=C2C%10=CC(F)=C(CC(CC)CCCC)S%10","10.1002/aenm.202002649"
"60","PBDB-TF","BDTP-4F","15.24","0.895","22.54","0.755","CCc1c(/C=C2\C(=O)c3cc(F)c(F)cc3C2=C(C#N)C#N)sc2c3c4nsnc4c4c5sc6c7sc(/C=C8\C(=O)c9cc(F)c(F)cc9C8=C(C#N)C#N)cc7n(CC)c6c5n(CC)c4c3n(CC)c12","[H]C(S1)=CC2=C1C(C3=CC(F)=C(CC(CC)CCCC)S3)=C(C=C(C4=CC=C(C5=C6C(C(C7=C(CC(CC)CCCC)SC(CC(CC)CCCC)=C7C6=O)=O)=C(C8=CC=C([H])S8)S5)S4)S9)C9=C2C%10=CC(F)=C(CC(CC)CCCC)S%10","10.1002/smll.202001942"
"61","PBDB-TF","BTP-2F-ThCl","17.06","0.869","25.38","0.774","CCc1c(/C=C2\C(=O)c3cc(F)c(F)cc3C2=C(C#N)C#N)sc2c1sc1c3c4nsnc4c4c5sc6c(CC)c(/C=C7\C(=O)c8c(csc8Cl)C7=C(C#N)C#N)sc6c5n(CC)c4c3n(CC)c21","[H]C(S1)=CC2=C1C(C3=CC(F)=C(CC(CC)CCCC)S3)=C(C=C(C4=CC=C(C5=C6C(C(C7=C(CC(CC)CCCC)SC(CC(CC)CCCC)=C7C6=O)=O)=C(C8=CC=C([H])S8)S5)S4)S9)C9=C2C%10=CC(F)=C(CC(CC)CCCC)S%10","10.1016/j.joule.2020.03.023"
"62","PBDB-TF","BTN-4F","15.82","0.816","25.05","0.773","CCc1c(/C=C2\C(=O)c3cc(F)c(F)cc3C2=C(C#N)C#N)sc2c1sc1c3c4nsnc4c4c5c(cc(/C=C6\C(=O)c7cc(F)c(F)cc7C6=C(C#N)C#N)n5CC)n(CC)c4c3n(CC)c21","[H]C(S1)=CC2=C1C(C3=CC(F)=C(CC(CC)CCCC)S3)=C(C=C(C4=CC=C(C5=C6C(C(C7=C(CC(CC)CCCC)SC(CC(CC)CCCC)=C7C6=O)=O)=C(C8=CC=C([H])S8)S5)S4)S9)C9=C2C%10=CC(F)=C(CC(CC)CCCC)S%10","https://doi.org/10.1002/sstr.202000052"
"63","PBDB-TF","A4T-16","15.2","0.876","21.8","0.798","CCc1cc(CC)c(-c2cc(-c3cc(-c4c(CC)cc(CC)cc4CC)c(-c4sc(/C=C5\C(=O)c6cc(F)c(F)cc6C5=C(C#N)C#N)cc4CC)s3)sc2-c2sc(/C=C3\C(=O)c4cc(F)c(F)cc4C3=C(C#N)C#N)cc2CC)c(CC)c1","[H]C(S1)=CC2=C1C(C3=CC(F)=C(CC(CC)CCCC)S3)=C(C=C(C4=CC=C(C5=C6C(C(C7=C(CC(CC)CCCC)SC(CC(CC)CCCC)=C7C6=O)=O)=C(C8=CC=C([H])S8)S5)S4)S9)C9=C2C%10=CC(F)=C(CC(CC)CCCC)S%10","10.1038/s41467-021-25394-w"
"64","PBDB-TF","BTP-4Cl","17.7","0.838","26.7","0.79","CCc1c(/C=C2\C(=O)c3cc(Cl)c(Cl)cc3C2=C(C#N)C#N)sc2c1sc1c3c4nsnc4c4c5sc6c(CC)c(/C=C7\C(=O)c8cc(Cl)c(Cl)cc8C7=C(C#N)C#N)sc6c5n(CC)c4c3n(CC)c21","[H]C(S1)=CC2=C1C(C3=CC(F)=C(CC(CC)CCCC)S3)=C(C=C(C4=CC=C(C5=C6C(C(C7=C(CC(CC)CCCC)SC(CC(CC)CCCC)=C7C6=O)=O)=C(C8=CC=C([H])S8)S5)S4)S9)C9=C2C%10=CC(F)=C(CC(CC)CCCC)S%10","https://doi.org/10.1038/s41467-019-10351-5"
"65","PBDB-T-2Cl","Y6","17.037","0.882","25.605","0.733","CCCCCCCCCCCC1=C(SC2=C1SC1=C2N(CC(CC)CCCC)C2=C1C1=NSN=C1C1=C2N(CC(CC)CCCC)C2=C1SC1=C2SC(C=C2C(=O)C3=CC(F)=C(F)C=C3C2=C(C#N)C#N)=C1CCCCCCCCCCC)C=C1C(=O)C2=CC(F)=C(F)C=C2C1=C(C#N)C#N","CCc1c(/C=C2\C(=O)c3cc(F)c(F)cc3C2=C(C#N)C#N)sc2c1sc1c3c4nsnc4c4c5sc6cc(/C=C7\C(=O)c8cc(F)c(F)cc8C7=C(C#N)C#N)sc6c5n(CC)c4c3n(CC)c21","10.1007/s11426-019-9669-3"
"66","P5T-2F","eC9","17.7","0.837","26.5","0.789","CCc1sc(CC)c2c1C(=O)c1c(-c3ccc(-c4cc(F)cs4)s3)sc(-c3ccc(-c4cc(F)c(-c5sc(-c6ccc(-c7sc(-c8ccc(-c9cc(F)c(-c%10sc(-c%11ccc(-c%12sc(-c%13ccc(-c%14cc(F)cs%14)s%13)c%13c%12C(=O)c%12c(CC)sc(CC)c%12C%13=O)s%11)cc%10F)s9)s8)c8c7C(=O)c7c(CC)sc(CC)c7C8=O)s6)cc5F)s4)s3)c1C2=O","CCc1c(/C=C2\C(=O)c3cc(Cl)c(Cl)cc3C2=C(C#N)C#N)sc2c1sc1c3c4nsnc4c4c5sc6c(CC)c(/C=C7\C(=O)c8cc(Cl)c(Cl)cc8C7=C(C#N)C#N)sc6c5n(CC)c4c3n(CC)c21","10.1021/acsmaterialslett.1c00328"
"67","PBDB-T-2Cl","TPIC-4Cl","15.4","0.885","22.89","0.757","CCc1ccc(C2(c3ccc(CC)cc3)c3cc4c(cc3-c3sc(/C=C5\C(=O)c6cc(Cl)c(Cl)cc6C5=C(C#N)C#N)cc32)C(c2ccc(CC)cc2)(c2ccc(CC)cc2)c2c-4sc3c4sc(/C=C5\C(=O)c6cc(Cl)c(Cl)cc6C5=C(C#N)C#N)cc4n(CC)c23)cc1","CCc1ccc(C2(c3ccc(CC)cc3)c3cc4c(cc3-c3sc(/C=C5\C(=O)c6cc(Cl)c(Cl)cc6C5=C(C#N)C#N)cc32)C(c2ccc(CC)cc2)(c2ccc(CC)cc2)c2c-4sc3c4sc(/C=C5\C(=O)c6cc(Cl)c(Cl)cc6C5=C(C#N)C#N)cc4n(CC)c23)cc1","10.1002/solr.202000250"
"68","PBDB-TF","L8-BO","18.77","0.89","26.37","0.799","CCc1sc(-c2c3cc(-c4ccc(-c5sc(-c6ccc(-c7cc8c(-c9cc(F)c(CC)s9)c9sc(-c%10ccc(-c%11sc(-c%12ccc(-c%13cc%14c(-c%15cc(F)c(CC)s%15)c%15sc(-c%16ccc(-c%17sc(-c%18cccs%18)c%18c%17C(=O)c%17c(CC)sc(CC)c%17C%18=O)s%16)cc%15c(-c%15cc(F)c(CC)s%15)c%14s%13)s%12)c%12c%11C(=O)c%11c(CC)sc(CC)c%11C%12=O)s%10)cc9c(-c9cc(F)c(CC)s9)c8s7)s6)c6c5C(=O)c5c(CC)sc(CC)c5C6=O)s4)sc3c(-c3cc(F)c(CC)s3)c3ccsc23)cc1F","[H]C(S1)=CC2=C1C(C3=CC(F)=C(CC(CC)CCCC)S3)=C(C=C(C4=CC=C(C5=C6C(C(C7=C(CC(CC)CCCC)SC(CC(CC)CCCC)=C7C6=O)=O)=C(C8=CC=C([H])S8)S5)S4)S9)C9=C2C%10=CC(F)=C(CC(CC)CCCC)S%10","10.1002/ange.202110550"
"69","PTzBI-oF","PFA1","15.11","0.87","23.96","0.727","CCc1c(/C=C2\C(=O)c3ccc(F)cc3C2=C(C#N)C#N)sc2c1sc1c3c4nsnc4c4c5sc6c(CC)c(/C=C7\C(=O)c8cc(F)c(-c9ccc(-c%10cc%11c(cc%10F)C(=C(C#N)C#N)/C(=C/c%10sc%12c(sc%13c%14c%15nsnc%15c%15c%16sc%17c(CC)c(/C=C%18\C(=O)c%19cc(F)c(-c%20cccs%20)cc%19C%18=C(C#N)C#N)sc%17c%16n(CC)c%15c%14n(CC)c%12%13)c%10CC)C%11=O)s9)cc8C7=C(C#N)C#N)sc6c5n(CC)c4c3n(CC)c21","CCc1c(/C=C2\C(=O)c3ccc(F)cc3C2=C(C#N)C#N)sc2c1sc1c3c4nsnc4c4c5sc6c(CC)c(/C=C7\C(=O)c8cc(F)c(-c9ccc(-c%10cc%11c(cc%10F)C(=C(C#N)C#N)/C(=C/c%10sc%12c(sc%13c%14c%15nsnc%15c%15c%16sc%17c(CC)c(/C=C%18\C(=O)c%19cc(F)c(-c%20cccs%20)cc%19C%18=C(C#N)C#N)sc%17c%16n(CC)c%15c%14n(CC)c%12%13)c%10CC)C%11=O)s9)cc8C7=C(C#N)C#N)sc6c5n(CC)c4c3n(CC)c21","10.1021/acsenergylett.0c02053"
"70","B1","BO-4Cl","15.3","0.83","25.27","0.73","CCSc1ccc(-c2c3cc(-c4cc(CC)c(-c5cc(CC)c(-c6ccc(/C=C7/SC(=S)N(CC)C7=O)s6)s5)s4)sc3c(-c3ccc(SCC)cc3)c3cc(-c4cc(CC)c(-c5cc(CC)c(-c6ccc(/C=C7/SC(=S)N(CC)C7=O)s6)s5)s4)sc23)cc1","CCc1c(/C=C2\C(=O)c3cc(Cl)c(Cl)cc3C2=C(C#N)C#N)sc2c1sc1c3c4nsnc4c4c5sc6c(CC)c(/C=C7\C(=O)c8cc(Cl)c(Cl)cc8C7=C(C#N)C#N)sc6c5n(CC)c4c3n(CC)c21","http://dx.doi.org/10.1007/s40843-020-1269-9"
"71","PBDB-T","H2","15.12","0.79","25.82","0.73","CCc1c(/C=C2\C(=O)c3ccc(Cl)cc3C2=C(C#N)C#N)sc2c1sc1c3c4nsnc4c4c5sc6c(CC)c(/C=C7\C(=O)c8ccc(Cl)cc8C7=C(C#N)C#N)sc6c5n(CC)c4c3n(CC)c21","[H]C1=CC2=C(S1)C(C3=CC=C(CC(CC)CCCC)S3)=C4C(SC(C5=CC=C(C6=C7C(C(C8=C(CC(CC)CCCC)SC(CC(CC)CCCC)=C8C7=O)=O)=C(C9=CC=C([H])S9)S6)S5)=C4)=C2C%10=CC=C(CC(CC)CCCC)S%10","10.1002/anie.202006081"
"72","PTQ11","TPT10","16.32","0.88","24.79","0.748","CCOc1nc2cc(F)c(F)c(-c3ccc(-c4c(F)c(F)c(-c5ccc(-c6c(F)c(F)c(-c7cccs7)c7nc(C)c(OCC)nc67)s5)c5nc(C)c(OCC)nc45)s3)c2nc1C","CCCCCCCCC(COC1=NC2=C(C(C3=CC=CS3)=C(C(F)=C2C)F)N=C1C)CCCCCC","https://doi.org/10.1021/jacs.9b09939"
"73","W1","Y6","16.16","0.88","25.87","0.707","CCc1c(/C=C2\C(=O)c3cc(F)c(F)cc3C2=C(C#N)C#N)sc2c1sc1c3c4nsnc4c4c5sc6cc(/C=C7\C(=O)c8cc(F)c(F)cc8C7=C(C#N)C#N)sc6c5n(CC)c4c3n(CC)c21","CCc1c(/C=C2\C(=O)c3cc(F)c(F)cc3C2=C(C#N)C#N)sc2c1sc1c3c4nsnc4c4c5sc6cc(/C=C7\C(=O)c8cc(F)c(F)cc8C7=C(C#N)C#N)sc6c5n(CC)c4c3n(CC)c21","10.1016/j.scib.2019.11.030"
"74","PBDB-TF","BTIC-2Br-m","16.11","0.88","25.03","0.731","CCc1c(/C=C2\C(=O)c3ccc(Br)cc3C2=C(C#N)C#N)sc2c1sc1c3c4nsnc4c4c5sc6c(CC)c(/C=C7\C(=O)c8ccc(Br)cc8C7=C(C#N)C#N)sc6c5n(CC)c4c3n(CC)c21","[H]C(S1)=CC2=C1C(C3=CC(F)=C(CC(CC)CCCC)S3)=C(C=C(C4=CC=C(C5=C6C(C(C7=C(CC(CC)CCCC)SC(CC(CC)CCCC)=C7C6=O)=O)=C(C8=CC=C([H])S8)S5)S4)S9)C9=C2C%10=CC(F)=C(CC(CC)CCCC)S%10","http://dx.doi.org/10.1002/advs.201903784"
"75","Qx-12F","Y6","15.21","0.847","24.55","0.729","CCc1c(/C=C2\C(=O)c3cc(F)c(F)cc3C2=C(C#N)C#N)sc2c1sc1c3c4nsnc4c4c5sc6cc(/C=C7\C(=O)c8cc(F)c(F)cc8C7=C(C#N)C#N)sc6c5n(CC)c4c3n(CC)c21","CCc1c(/C=C2\C(=O)c3cc(F)c(F)cc3C2=C(C#N)C#N)sc2c1sc1c3c4nsnc4c4c5sc6cc(/C=C7\C(=O)c8cc(F)c(F)cc8C7=C(C#N)C#N)sc6c5n(CC)c4c3n(CC)c21","10.1039/D1TA01500A"
"76","TPD-3","Y6","15.2","0.83","26.7","0.685","CCc1c(/C=C2\C(=O)c3cc(F)c(F)cc3C2=C(C#N)C#N)sc2c1sc1c3c4nsnc4c4c5sc6cc(/C=C7\C(=O)c8cc(F)c(F)cc8C7=C(C#N)C#N)sc6c5n(CC)c4c3n(CC)c21","CCc1c(/C=C2\C(=O)c3cc(F)c(F)cc3C2=C(C#N)C#N)sc2c1sc1c3c4nsnc4c4c5sc6cc(/C=C7\C(=O)c8cc(F)c(F)cc8C7=C(C#N)C#N)sc6c5n(CC)c4c3n(CC)c21","10.1002/aenm.202102648"
"77","D16","Y6","16.22","0.85","25.41","0.749","CCc1c(/C=C2\C(=O)c3cc(F)c(F)cc3C2=C(C#N)C#N)sc2c1sc1c3c4nsnc4c4c5sc6cc(/C=C7\C(=O)c8cc(F)c(F)cc8C7=C(C#N)C#N)sc6c5n(CC)c4c3n(CC)c21","CCc1c(/C=C2\C(=O)c3cc(F)c(F)cc3C2=C(C#N)C#N)sc2c1sc1c3c4nsnc4c4c5sc6cc(/C=C7\C(=O)c8cc(F)c(F)cc8C7=C(C#N)C#N)sc6c5n(CC)c4c3n(CC)c21","10.1016/j.scib.2019.10.002"
"78","PBDB-TF","HDO-4Cl","15.6","0.94","21.9","0.76","CCOc1c(/C=C2\C(=O)c3cc(Cl)c(Cl)cc3C2=C(C#N)C#N)sc2c1sc1c3c4nsnc4c4c5sc6c(OCC)c(/C=C7\C(=O)c8cc(Cl)c(Cl)cc8C7=C(C#N)C#N)sc6c5n(CC)c4c3n(CC)c21","[H]C(S1)=CC2=C1C(C3=CC(F)=C(CC(CC)CCCC)S3)=C(C=C(C4=CC=C(C5=C6C(C(C7=C(CC(CC)CCCC)SC(CC(CC)CCCC)=C7C6=O)=O)=C(C8=CC=C([H])S8)S5)S4)S9)C9=C2C%10=CC(F)=C(CC(CC)CCCC)S%10","10.1039/D0QM00633E"
"79","PBDB-TF","BTP-6F","15.3","0.81","25.9","0.728","CCc1c(/C=C2\C(=O)c3c(cc(F)c(F)c3F)C2=C(C#N)C#N)sc2c1sc1c3c4nsnc4c4c5sc6c(CC)c(/C=C7\C(=O)c8c(cc(F)c(F)c8F)C7=C(C#N)C#N)sc6c5n(CC)c4c3n(CC)c21","[H]C(S1)=CC2=C1C(C3=CC(F)=C(CC(CC)CCCC)S3)=C(C=C(C4=CC=C(C5=C6C(C(C7=C(CC(CC)CCCC)SC(CC(CC)CCCC)=C7C6=O)=O)=C(C8=CC=C([H])S8)S5)S4)S9)C9=C2C%10=CC(F)=C(CC(CC)CCCC)S%10","10.1002/anie.201915030"
"80","PBDB-TF","Y6-Se","16.02","0.82","25.47","0.75","CCc1c(/C=C2\C(=O)c3cc(F)c(F)cc3C2=C(C#N)C#N)sc2c1sc1c3c4n[se]nc4c4c5sc6c(CC)c(/C=C7\C(=O)c8cc(F)c(F)cc8C7=C(C#N)C#N)sc6c5n(CC)c4c3n(CC)c21","[H]C(S1)=CC2=C1C(C3=CC(F)=C(CC(CC)CCCC)S3)=C(C=C(C4=CC=C(C5=C6C(C(C7=C(CC(CC)CCCC)SC(CC(CC)CCCC)=C7C6=O)=O)=C(C8=CC=C([H])S8)S5)S4)S9)C9=C2C%10=CC(F)=C(CC(CC)CCCC)S%10","10.1039/D0TA06658C"
"81","PBCT-2F","Y6","17.1","0.85","27.2","0.743","CCc1c(/C=C2\C(=O)c3cc(F)c(F)cc3C2=C(C#N)C#N)sc2c1sc1c3c4nsnc4c4c5sc6cc(/C=C7\C(=O)c8cc(F)c(F)cc8C7=C(C#N)C#N)sc6c5n(CC)c4c3n(CC)c21","CCc1c(/C=C2\C(=O)c3cc(F)c(F)cc3C2=C(C#N)C#N)sc2c1sc1c3c4nsnc4c4c5sc6cc(/C=C7\C(=O)c8cc(F)c(F)cc8C7=C(C#N)C#N)sc6c5n(CC)c4c3n(CC)c21","10.1039/D1EE01957K"
"82","PBDB-TF","Y18","16.02","0.84","24.91","0.764","CCc1c(/C=C2\C(=O)c3cc(F)c(F)cc3C2=C(C#N)C#N)sc2c1sc1c3c4nn(CC)nc4c4c5sc6c(CC)c(/C=C7\C(=O)c8cc(F)c(F)cc8C7=C(C#N)C#N)sc6c5n(CC)c4c3n(CC)c21","[H]C(S1)=CC2=C1C(C3=CC(F)=C(CC(CC)CCCC)S3)=C(C=C(C4=CC=C(C5=C6C(C(C7=C(CC(CC)CCCC)SC(CC(CC)CCCC)=C7C6=O)=O)=C(C8=CC=C([H])S8)S5)S4)S9)C9=C2C%10=CC(F)=C(CC(CC)CCCC)S%10","10.1039/D0TA01260B"
"83","PBDB-TF","AQx-2","16.64","0.86","25.38","0.763","CCc1c(/C=C2\C(=O)c3cc(F)c(F)cc3C2=C(C#N)C#N)sc2c1sc1c3c4nccnc4c4c5sc6c(CC)c(/C=C7\C(=O)c8cc(F)c(F)cc8C7=C(C#N)C#N)sc6c5n(CC)c4c3n(CC)c21","[H]C(S1)=CC2=C1C(C3=CC(F)=C(CC(CC)CCCC)S3)=C(C=C(C4=CC=C(C5=C6C(C(C7=C(CC(CC)CCCC)SC(CC(CC)CCCC)=C7C6=O)=O)=C(C8=CC=C([H])S8)S5)S4)S9)C9=C2C%10=CC(F)=C(CC(CC)CCCC)S%10","10.1002/adma.201906324"
"84","PM6","Y6","15.35","0.857","25.05","0.72","CCc1c(/C=C2\C(=O)c3cc(F)c(F)cc3C2=C(C#N)C#N)sc2c1sc1c3c4nsnc4c4c5sc6cc(/C=C7\C(=O)c8cc(F)c(F)cc8C7=C(C#N)C#N)sc6c5n(CC)c4c3n(CC)c21","FC1=C(CC(CCCC)CC)SC(C2=C(C=C(C3=CC=C(C4=C5C(C(C6=C(CC(CC)CCCC)SC(CC(CCCC)CC)=C6C5=O)=O)=C(C7=CC=C([H])S7)S4)S3)S8)C8=C(C9=CC(F)=C(CC(CCCC)CC)S9)C%10=C2SC([H])=C%10)=C1","https://doi.org/10.1039/C9TA06929A"
"85","PBDB-TF","Y6","15.79","0.834","24.8","0.741","CCc1c(/C=C2\C(=O)c3cc(F)c(F)cc3C2=C(C#N)C#N)sc2c1sc1c3c4nsnc4c4c5sc6cc(/C=C7\C(=O)c8cc(F)c(F)cc8C7=C(C#N)C#N)sc6c5n(CC)c4c3n(CC)c21","[H]C(S1)=CC2=C1C(C3=CC(F)=C(CC(CC)CCCC)S3)=C(C=C(C4=CC=C(C5=C6C(C(C7=C(CC(CC)CCCC)SC(CC(CC)CCCC)=C7C6=O)=O)=C(C8=CC=C([H])S8)S5)S4)S9)C9=C2C%10=CC(F)=C(CC(CC)CCCC)S%10","https://doi.org/10.1002/adma.201902302"
"86","PBDB-TF","BTP-4F-8","15.3","0.841","24.6","0.74","CCCCCCCC(CC)n%12c4c3sc(C=c2c(=O)c1cc(F)c(F)cc1c2=C(C#N)C#N)c([\( \ce{C])c3sc4c%11c5nsnc5c%10c9sc8c([\( \ce{C])c(C=c7c(=O)c6cc(F)c(F)cc6c7=C(C#N)C#N)sc8c9n(CC(CC)CCCCCC)c%10c%11%12.C","[H]C(S1)=CC2=C1C(C3=CC(F)=C(CC(CC)CCCC)S3)=C(C=C(C4=CC=C(C5=C6C(C(C7=C(CC(CC)CCCC)SC(CC(CC)CCCC)=C7C6=O)=O)=C(C8=CC=C([H])S8)S5)S4)S9)C9=C2C%10=CC(F)=C(CC(CC)CCCC)S%10","https://doi.org/10.1002/adma.201903441"
"87","PBDB-TF","BTP-4F-12","16.4","0.855","25.3","0.76","CCCCCCCCC(CCCC)Cn%12c4c3sc(C=c2c(=O)c1cc(F)c(F)cc1c2=C(C#N)C#N)c([\( \ce{C])c3sc4c%11c5nsnc5c%10c9sc8c([\( \ce{C])c(C=c7c(=O)c6cc(F)c(F)cc6c7=C(C#N)C#N)sc8c9n(CC(CCCC)CCCCCCCC)c%10c%11%12.C.C","[H]C(S1)=CC2=C1C(C3=CC(F)=C(CC(CC)CCCC)S3)=C(C=C(C4=CC=C(C5=C6C(C(C7=C(CC(CC)CCCC)SC(CC(CC)CCCC)=C7C6=O)=O)=C(C8=CC=C([H])S8)S5)S4)S9)C9=C2C%10=CC(F)=C(CC(CC)CCCC)S%10","https://doi.org/10.1002/adma.201903441"
"88","PBQx-TF","eC9-2CI","17.7","0.868","25.9","0.786","CCc1c(/C=C2\C(=O)c3ccc(Cl)cc3C2=C(C#N)C#N)sc2c1sc1c3c4nsnc4c4c5sc6c(CC)c(/C=C7\C(=O)c8ccc(Cl)cc8C7=C(C#N)C#N)sc6c5n(CC)c4c3n(CC)c21","CCc1csc(-c2cc3c(s2)-c2sc(-c4cc(CC)c(-c5cc6c(-c7cc(F)c(CC)s7)c7sc(-c8sc(-c9cc%10c(s9)-c9sc(-c%11cc(CC)c(-c%12cc%13c(-c%14cc(F)c(CC)s%14)c%14sc(-c%15sc(-c%16cc%17c(s%16)-c%16sc(-c%18cc(CC)c(-c%19cc%20c(-c%21cc(F)c(CC)s%21)c%21sccc%21c(-c%21cc(F)c(CC)s%21)c%20s%19)s%18)cc%16[C@H]%16N=CC=N[C@H]%17%16)cc%15CC)cc%14c(-c%14cc(F)c(CC)s%14)c%13s%12)s%11)cc9[C@H]9N=CC=N[C@H]%109)cc8CC)cc7c(-c7cc(F)c(CC)s7)c6s5)s4)cc2[C@H]2N=CC=N[C@H]32)c1",""
"89","PM7","Y6","15.4","0.875","24.2","0.728","CCc1c(/C=C2\C(=O)c3cc(F)c(F)cc3C2=C(C#N)C#N)sc2c1sc1c3c4nsnc4c4c5sc6cc(/C=C7\C(=O)c8cc(F)c(F)cc8C7=C(C#N)C#N)sc6c5n(CC)c4c3n(CC)c21","CC1(C2CC34CCCN3CC2(CC5=C1NC6=CC=CC=C56)NC4=O)C","https://doi.org/10.1039/C9TA06929A"
"90","PBDB-T-SF","Y6","15.18","0.864","24.68","0.712","CCc1c(/C=C2\C(=O)c3cc(F)c(F)cc3C2=C(C#N)C#N)sc2c1sc1c3c4nsnc4c4c5sc6cc(/C=C7\C(=O)c8cc(F)c(F)cc8C7=C(C#N)C#N)sc6c5n(CC)c4c3n(CC)c21","CCCCC(SC1=C(C=C(S1)C2=C3C=C(SC3=C(C4=C2SC=C4)C5=CC(F)=C(S5)SC(CCCC)CC)C6=CC=C(S6)C7=C8C(C9=C(SC(C(CCCC)CC)=C9C(C8=C(S7)C%10=CC=CS%10)=O)C(CCCC)CC)=O)F)CC","https://doi.org/10.1039/C9MH00844F"
"91","PFNT-CI","N3","17.53","0.842","26.03","0.8","CCc1csc(-c2cc3c4nsnc4c4cc(-c5cc(CC)c(-c6cc7c(-c8cc(F)c(CC)s8)c8sc(-c9sc(-c%10cc%11c%12nsnc%12c%12cc(-c%13cc(CC)c(-c%14cc%15c(-c%16cc(F)c(CC)s%16)c%16sc(-c%17sc(-c%18cc%19c%20nsnc%20c%20cc(-c%21cc(CC)c(-c%22cc%23c(-c%24cc(F)c(CC)s%24)c%24sccc%24c(-c%24cc(F)c(CC)s%24)c%23s%22)s%21)sc%20c%19s%18)cc%17CC)cc%16c(-c%16cc(F)c(CC)s%16)c%15s%14)s%13)sc%12c%11s%10)cc9CC)cc8c(-c8cc(F)c(CC)s8)c7s6)s5)sc4c3s2)c1","CCCCCCCCc1cc(-c2cc3c(s2)c2sc(-c4cc(CCCCCCCC)c(-c5cc6c(-c7cc(Cl)c(CC(CCCCCC)CCCCCCCC)s7)c7sc(C)cc7c(-c7cc(Cl)c(CC(CCCCCC)CCCCCCCC)s7)c6s5)s4)cc2c2c(F)c(F)c(F)c(F)c32)sc1C",""
"92","PBDB-TF","BTP-4F","16.7","0.834","24.9","0.753","c1c(c(cc2c1C(=C(C#N)C#N)/C(=C/c1sc3c(c1CCCCCCCCCCC)sc1c3nh(c3c1c1c(c4c3n(c3c4sc4c3s/c(=C\C3=C(c5c(C3=O)cc(c(c 5)F)F)[C](C#N)C#N)/c4CCCCCCCCCCC)C[C@@H](CCCCC C)CCCC)ns[n]1)C[C@H](CCCC)CCCCCC)/C2=O)F)F","[H]C(S1)=CC2=C1C(C3=CC(F)=C(CC(CC)CCCC)S3)=C(C=C(C4=CC=C(C5=C6C(C(C7=C(CC(CC)CCCC)SC(CC(CC)CCCC)=C7C6=O)=O)=C(C8=CC=C([H])S8)S5)S4)S9)C9=C2C%10=CC(F)=C(CC(CC)CCCC)S%10","https://doi.org/10.1038/s41467-019-10351-5"
"93","PCT-EHp","Y6","15.06","0.79","25.7","0.727","CCc1c(/C=C2\C(=O)c3cc(F)c(F)cc3C2=C(C#N)C#N)sc2c1sc1c3c4nsnc4c4c5sc6cc(/C=C7\C(=O)c8cc(F)c(F)cc8C7=C(C#N)C#N)sc6c5n(CC)c4c3n(CC)c21","CCCC.C.C.C.CCC.CCCCCCCCn%10c(=O)c9c(c1ccc(*(C)C)s1)c2nn(CCC(CC)CCCC)nc2c(c8ccc(c7cc6c(c3cc(Cl)c(CC(CC)CCCC)s3)c4sc(C(C)(C)C)cc4c(c5cc(Cl)c(CC(CC)CCCC)s5)c6s7)s8)c9c%10=O","https://doi.org/10.1021/acsenergylett.9b01447"
"94","P2F-EHp","Y6","15.65","0.81","26.11","0.733","CCc1c(/C=C2\C(=O)c3cc(F)c(F)cc3C2=C(C#N)C#N)sc2c1sc1c3c4nsnc4c4c5sc6cc(/C=C7\C(=O)c8cc(F)c(F)cc8C7=C(C#N)C#N)sc6c5n(CC)c4c3n(CC)c21","CCc1c(F)cc(-c2c3cc(-c4ccc(-c5c6c(c(-c7ccc(-c8cc9c(-c%10cc(F)c(CC)c(F)c%10)c%10sc(-c%11ccc(-c%12c%13c(c(-c%14ccc(-c%15cc%16c(-c%17cc(F)c(CC)c(F)c%17)c%17sc(-c%18ccc(-c%19c%20c(c(-c%21cccs%21)c%21nn(CC)nc%19%21)C(=O)N(CC)C%20=O)s%18)cc%17c(-c%17cc(F)c(CC)c(F)c%17)c%16s%15)s%14)c%14nn(CC)nc%12%14)C(=O)N(CC)C%13=O)s%11)cc%10c(-c%10cc(F)c(CC)c(F)c%10)c9s8)s7)c7nn(CC)nc57)C(=O)N(CC)C6=O)s4)sc3c(-c3cc(F)c(CC)c(F)c3)c3ccsc23)cc1F","https://doi.org/10.1021/acsenergylett.9b01447"
"95","PBDB-T-2F","Y6","15.3","0.85","24.8","0.72","CCc1c(/C=C2\C(=O)c3cc(F)c(F)cc3C2=C(C#N)C#N)sc2c1sc1c3c4nsnc4c4c5sc6cc(/C=C7\C(=O)c8cc(F)c(F)cc8C7=C(C#N)C#N)sc6c5n(CC)c4c3n(CC)c21","[H]C1=CC2=C(S1)C(C3=CC(F)=C(CC(CC)CCCC)S3)=C4C(SC(C5=CC=C(S5)C6=C7C(C(C8=C(CC(CC)CCCC)SC(CC(CC)CCCC)=C8C7=O)=O)=C(C9=CC=C([H])S9)S6)=C4)=C2C%10=CC(F)=C(CC(CC)CCCC)S%10","https://doi.org/10.1002/adma.21902965"
"96","PBDB-T-2F","BTP-4F","15.4","0.8","25.2","0.77","c1c(c(cc2c1C(=C(C#N)C#N)/C(=C/c1sc3c(c1CCCCCCCCCCC)sc1c3nh(c3c1c1c(c4c3n(c3c4sc4c3s/c(=C\C3=C(c5c(C3=O)cc(c(c 5)F)F)[C](C#N)C#N)/c4CCCCCCCCCCC)C[C@@H](CCCCC C)CCCC)ns[n]1)C[C@H](CCCC)CCCCCC)/C2=O)F)F","[H]C1=CC2=C(S1)C(C3=CC(F)=C(CC(CC)CCCC)S3)=C4C(SC(C5=CC=C(S5)C6=C7C(C(C8=C(CC(CC)CCCC)SC(CC(CC)CCCC)=C8C7=O)=O)=C(C9=CC=C([H])S9)S6)=C4)=C2C%10=CC(F)=C(CC(CC)CCCC)S%10","https://doi.org/10.1039/C9TC05301H"
"97","PTQ10","BTP-Ph","17.1","0.882","24.3","0.753","CC=c2c(=O)c1cc(F)c(F)cc1c2=C(C#N)C#N.CCCC.CCCC.CCCCCC.CCCCCCc%12ccc(c1csc%10c1sc%11c9c2nsnc2c8c7sc6c(c3ccc(CCCCCC)cc3)c(C=c5c(=O)c4cc(F)c(F)cc4c5=C(C#N)C#N)sc6c7n(CC(CC)CCCC)c8c9n(CC(CC)CCCC)c%10%11)cc%12.CC.CCCC","[H]C1=C(F)C(F)=C(C2=CC=C([H])S2)C3=C1N=C(OCC(CCCCCC)CCCCCCCC)C=N3","https://doi.org/10.1002/aenm.20210079"
"98","PTQ10","BTP-Th","16.8","0.872","24.8","0.747","CC=c2c(=O)c1cc(F)c(F)cc1c2=C(C#N)C#N.CCCC.CCCC.CCCCCC.CCCCCCCCc%12ccc(c1csc%10c1sc%11c9c2nsnc2c8c7sc6c(c3ccc(CCCCCCCC)s3)c(C=c5c(=O)c4cc(F)c(F)cc4c5=C(C#N)C#N)sc6c7n(CC(CC)CCCC)c8c9n(CC(CC)CCCC)c%10%11)s%12.CC","[H]C1=C(F)C(F)=C(C2=CC=C([H])S2)C3=C1N=C(OCC(CCCCCC)CCCCCCCC)C=N3","https://doi.org/10.1002/aenm.20210079"
"99","PTQ10","BTP-C11","16.4","0.852","24.7","0.741","CC=c2c(=O)c1cc(F)c(F)cc1c2=C(C#N)C#N.CCCC.CCCC.CCCCCCCCCCCC.CCCCCCCCCCCc3c(C=c2c(=O)c1cc(F)c(F)cc1c2=C(C#N)C#N)sc9c3sc%10c8c4nsnc4c7c6sc5ccsc5c6n(CC(CC)CCCC)c7c8n(CC(CC)CCCC)c9%10","[H]C1=C(F)C(F)=C(C2=CC=C([H])S2)C3=C1N=C(OCC(CCCCCC)CCCCCCCC)C=N3","https://doi.org/10.1002/aenm.20210079"
"100","PM6","Y6-BO","16","0.83","25.8","0.74","CCCCCCCCCCCc3c(C=c2c(=O)c1cc(F)c(F)cc1c2=C(C#N)C#N)sc%11c3sc%12c%10c4nsnc4c9c8sc7c(CCCCCCCCCCC)c(C=c6c(=O)c5cc(F)c(F)cc5c6=C(C#N)C#N)sc7c8n(CC(CCCC)CCCCCC)c9c%10n(CC(CCCC)CCCCCC)c%11%12","FC1=C(CC(CCCC)CC)SC(C2=C(C=C(C3=CC=C(C4=C5C(C(C6=C(CC(CC)CCCC)SC(CC(CCCC)CC)=C6C5=O)=O)=C(C7=CC=C([H])S7)S4)S3)S8)C8=C(C9=CC(F)=C(CC(CCCC)CC)S9)C%10=C2SC([H])=C%10)=C1","https://doi.org/10.1002/anie.202016265"
"101","PBDB-TF","Y11","16.54","0.833","26.74","0.7443","CCc1sc(-c2c3cc(-c4ccc(-c5sc(-c6ccc(-c7cc8c(-c9cc(F)c(CC)s9)c9sc(-c%10ccc(-c%11sc(-c%12ccc(-c%13cc%14c(-c%15cc(F)c(CC)s%15)c%15sc(-c%16ccc(-c%17sc(-c%18cccs%18)c%18c%17C(=O)c%17c(CC)sc(CC)c%17C%18=O)s%16)cc%15c(-c%15cc(F)c(CC)s%15)c%14s%13)s%12)c%12c%11C(=O)c%11c(CC)sc(CC)c%11C%12=O)s%10)cc9c(-c9cc(F)c(CC)s9)c8s7)s6)c6c5C(=O)c5c(CC)sc(CC)c5C6=O)s4)sc3c(-c3cc(F)c(CC)s3)c3ccsc23)cc1F","CCc1sc(-c2c3cc(-c4ccc(-c5sc(-c6ccc(-c7cc8c(-c9cc(F)c(CC)s9)c9sc(-c%10ccc(-c%11sc(-c%12ccc(-c%13cc%14c(-c%15cc(F)c(CC)s%15)c%15sc(-c%16ccc(-c%17sc(-c%18cccs%18)c%18c%17C(=O)c%17c(CC)sc(CC)c%17C%18=O)s%16)cc%15c(-c%15cc(F)c(CC)s%15)c%14s%13)s%12)c%12c%11C(=O)c%11c(CC)sc(CC)c%11C%12=O)s%10)cc9c(-c9cc(F)c(CC)s9)c8s7)s6)c6c5C(=O)c5c(CC)sc(CC)c5C6=O)s4)sc3c(-c3cc(F)c(CC)s3)c3ccsc23)cc1F","10.1038/s41566-019-0573-5"
"102","PTQ10","m-BTP- PhC6","17.7","0.878","24.8","0.774","CCCCCCc%14cccc(c3c(C=c2c(=O)c1cc(F)c(F)cc1c2=C(C#N)C#N)sc%12c3sc%13c%11c4nsnc4c%10c9sc8c(c5cccc(CCCCCC)c5)c(C=c7c(=O)c6cc(F)c(F)cc6c7=C(C#N)C#N)sc8c9n(CC(CC)CCCC)c%10c%11n(CC(CC)CCCC)c%12%13)c%14.C","[H]C1=C(F)C(F)=C(C2=CC=C([H])S2)C3=C1N=C(OCC(CCCCCC)CCCCCCCC)C=N3","https://doi.org/10.1039/D0EE03506H"
"103","PM6","TPT10","16.26","0.889","23.91","0.73","CCOc1nc2cc(F)c(F)c(-c3ccc(-c4c(F)c(F)c(-c5ccc(-c6c(F)c(F)c(-c7cccs7)c7nc(C)c(OCC)nc67)s5)c5nc(C)c(OCC)nc45)s3)c2nc1C","FC1=C(CC(CCCC)CC)SC(C2=C(C=C(C3=CC=C(C4=C5C(C(C6=C(CC(CC)CCCC)SC(CC(CCCC)CC)=C6C5=O)=O)=C(C7=CC=C([H])S7)S4)S3)S8)C8=C(C9=CC(F)=C(CC(CCCC)CC)S9)C%10=C2SC([H])=C%10)=C1","https://doi.org/10.1039/D0TA04941G"
"104","PTQ10","p-BTP- PhC6","17.1","0.888","24.3","0.779","CCCCCCc%14ccc(c3c(C=c2c(=O)c1cc(F)c(F)cc1c2=C(C#N)C#N)sc%12c3sc%13c%11c4nsnc4c%10c9sc8c(c5ccc(CCCCCC)cc5)c(C=c7c(=O)c6cc(F)c(F)cc6c7=C(C#N)C#N)sc8c9n(CC(CC)CCCC)c%10c%11n(CC(CC)CCCC)c%12%13)cc%14.C.C.C","[H]C1=C(F)C(F)=C(C2=CC=C([H])S2)C3=C1N=C(OCC(CCCCCC)CCCCCCCC)C=N3","https://doi.org/10.1039/D0EE03506H"
"105","PBDB-TF","BTIC-2Cl-yCF","16.31","0.84","25.09","0.7699","CCc1c(/C=C2\C(=O)c3cc(C(F)(F)F)ccc3C2=C(C#N)C#N)sc2c1sc1c3c4nsnc4c4c5sc6c(CC)c(/C=C7\C(=O)c8cc(Cl)c(Cl)cc8C7=C(C#N)C#N)sc6c5n(CC)c4c3n(CC)c21","CCc1sc(-c2c3cc(-c4ccc(-c5sc(-c6ccc(-c7cc8c(-c9cc(F)c(CC)s9)c9sc(-c%10ccc(-c%11sc(-c%12ccc(-c%13cc%14c(-c%15cc(F)c(CC)s%15)c%15sc(-c%16ccc(-c%17sc(-c%18cccs%18)c%18c%17C(=O)c%17c(CC)sc(CC)c%17C%18=O)s%16)cc%15c(-c%15cc(F)c(CC)s%15)c%14s%13)s%12)c%12c%11C(=O)c%11c(CC)sc(CC)c%11C%12=O)s%10)cc9c(-c9cc(F)c(CC)s9)c8s7)s6)c6c5C(=O)c5c(CC)sc(CC)c5C6=O)s4)sc3c(-c3cc(F)c(CC)s3)c3ccsc23)cc1F","10.1002/ange.202013053"
"106","SZ5","BPS-4F","16.3","0.82","25.4","0.779","CCn1c2c(sc3cc(/C=C4\C(=O)c5cc(F)c(F)cc5C4=C(C#N)C#N)[se]c32)c2c3nsnc3c3c4sc5cc(/C=C6\C(=O)c7cc(F)c(F)cc7C6=C(C#N)C#N)[se]c5c4n(CC)c3c21","CCc1csc(-c2nc3sc(-c4cc(CC)c(-c5cc6c(-c7cc(Cl)c(CC)s7)c7sc(-c8ccc(-c9sc(-c%10ccc(-c%11cc%12c(-c%13cc(Cl)c(CC)s%13)c%13sccc%13c(-c%13cc(Cl)c(CC)s%13)c%12s%11)s%10)c%10c9C(=O)c9c(CC)sc(CC)c9C%10=O)s8)cc7c(-c7cc(Cl)c(CC)s7)c6s5)s4)nc3s2)c1",": 10.1002/nano.202100036"
"107","L1","BTP-eC9","16.12","0.831","25.14","0.78","CCc1c(/C=C2\C(=O)c3cc(F)c(F)cc3C2=C(C#N)C#N)sc2c1sc1c3c4nsnc4c4c5sc6cc(/C=C7\C(=O)c8cc(F)c(F)cc8C7=C(C#N)C#N)sc6c5n(CC)c4c3n(CC)c21","CCc1csc(-c2cc3oc(=O)c4cc(-c5cc(CC)c(-c6cc7c(-c8ccc(CC)s8)c8sc(-c9sc(-c%10cc%11oc(=O)c%12cc(-c%13cc(CC)c(-c%14cc%15c(-c%16ccc(CC)s%16)c%16sc(-c%17sc(-c%18cc%19oc(=O)c%20cc(-c%21cc(CC)c(-c%22cc%23c(-c%24ccc(CC)s%24)c%24sccc%24c(-c%24ccc(CC)s%24)c%23s%22)s%21)sc%20c%19s%18)cc%17CC)cc%16c(-c%16ccc(CC)s%16)c%15s%14)s%13)sc%12c%11s%10)cc9CC)cc8c(-c8ccc(CC)s8)c7s6)s5)sc4c3s2)c1","10.1039/d2ta07463j "
"108","PM6","Y6-2Cl","15.38","0.847","25.67","0.707","CCCCCCCCCCCc3c(C=c2c(=O)c1cc(Cl)c(Cl)cc1c2=C(C#N)C#N)sc%11c3sc%12c%10c4nsnc4c9c8sc7c(CCCCCCCCCCC)c(C=c6c(=O)c5cc(Cl)c(Cl)cc5c6=C(C#N)C#N)sc7c8n(CC(CC)CCCC)c9c%10n(CC(CC)CCCC)c%11%12","FC1=C(CC(CCCC)CC)SC(C2=C(C=C(C3=CC=C(C4=C5C(C(C6=C(CC(CC)CCCC)SC(CC(CCCC)CC)=C6C5=O)=O)=C(C7=CC=C([H])S7)S4)S3)S8)C8=C(C9=CC(F)=C(CC(CCCC)CC)S9)C%10=C2SC([H])=C%10)=C1","https://doi.org/10.1016/j.joule.2019.12.004"
"109","PM6","Y6-C2","15.59","0.844","25.76","0.717","CCCCCCCCCCCc3c(C=c2c(=O)c1cc(Cl)c(Cl)cc1c2=C(C#N)C#N)sc%11c3sc%12c%10c4nsnc4c9c8sc7c(CCCCCCCCCCC)c(C=c6c(=O)c5cc(Cl)c(Cl)cc5c6=C(C#N)C#N)sc7c8n(CCC(CC)CCCC)c9c%10n(CCC(CC)CCCC)c%11%12","FC1=C(CC(CCCC)CC)SC(C2=C(C=C(C3=CC=C(C4=C5C(C(C6=C(CC(CC)CCCC)SC(CC(CCCC)CC)=C6C5=O)=O)=C(C7=CC=C([H])S7)S4)S3)S8)C8=C(C9=CC(F)=C(CC(CCCC)CC)S9)C%10=C2SC([H])=C%10)=C1","https://doi.org/10.1016/j.joule.2019.12.004"
"110","PBDB-TF","S-WSeSe-Cl","16.01","0.828","26.35","0.7341","CCc1c(/C=C2\C(=O)c3cc(Cl)c(Cl)cc3C2=C(C#N)C#N)[se]c2c1sc1c3c4nsnc4c4c5sc6c(CC)c(/C=C7/C(=O)c8cc(Cl)c(Cl)cc8C7=C(C#N)C#N)[se]c6c5n(CC)c4c3n(CC)c12","CCc1sc(-c2c3cc(-c4ccc(-c5sc(-c6ccc(-c7cc8c(-c9cc(F)c(CC)s9)c9sc(-c%10ccc(-c%11sc(-c%12ccc(-c%13cc%14c(-c%15cc(F)c(CC)s%15)c%15sc(-c%16ccc(-c%17sc(-c%18cccs%18)c%18c%17C(=O)c%17c(CC)sc(CC)c%17C%18=O)s%16)cc%15c(-c%15cc(F)c(CC)s%15)c%14s%13)s%12)c%12c%11C(=O)c%11c(CC)sc(CC)c%11C%12=O)s%10)cc9c(-c9cc(F)c(CC)s9)c8s7)s6)c6c5C(=O)c5c(CC)sc(CC)c5C6=O)s4)sc3c(-c3cc(F)c(CC)s3)c3ccsc23)cc1F",""
"111","D18","FOEH-2F","15.51","0.88","23.75","0.738","CCCCCCC(CC)C%11(C(CC)CCCCCC)Oc7cc6c5cc4OC(C(CC)CCCCCC)(C(CC)CCCCCC)c3cc(C=c2c(=O)c1cc(F)c(F)cc1c2=C(C#N)C#N)sc3c4cc5C(C(CC)CCCCCC)(C(CC)CCCCCC)c6cc7c%10sc(C=c9c(=O)c8cc(F)c(F)cc8c9=C(C#N)C#N)cc%10%11","CCCCCCC(CC1=CSC(C2=CC3=C(C4=C(C5=NSN=C53)C=C(S4)C6=CC(CC(CCCCCC)CCCC)=C(S6)C7=CC8=C(C9=C(C(C%10=CC(F)=C(N%10)CC(CCCC)CC)=C8S7)C=CS9)C%11=CC(F)=C(S%11)CC(CCCC)CC)S2)=C1)CCCC","http://dx.doi.org/10.1016/j.orgel.2022.106541"
"112","PBDB-TF","Y22 ","15.4","0.853","24.37","0.7412","CCc1sc(-c2c3cc(-c4ccc(-c5sc(-c6ccc(-c7cc8c(-c9cc(F)c(CC)s9)c9sc(-c%10ccc(-c%11sc(-c%12ccc(-c%13cc%14c(-c%15cc(F)c(CC)s%15)c%15sc(-c%16ccc(-c%17sc(-c%18cccs%18)c%18c%17C(=O)c%17c(CC)sc(CC)c%17C%18=O)s%16)cc%15c(-c%15cc(F)c(CC)s%15)c%14s%13)s%12)c%12c%11C(=O)c%11c(CC)sc(CC)c%11C%12=O)s%10)cc9c(-c9cc(F)c(CC)s9)c8s7)s6)c6c5C(=O)c5c(CC)sc(CC)c5C6=O)s4)sc3c(-c3cc(F)c(CC)s3)c3ccsc23)cc1F","CCc1c(/C=C2\C(=O)c3cc(F)c(F)cc3C2=C(C#N)C#N)sc2c1sc1c3c4nn(CC)nc4c4c5sc(/C=C6\C(=O)c7cc(F)c(F)cc7C6=C(C#N)C#N)c(CC)c5n(CC)c4c3n(CC)c21","10.1039/D0TA01636E"
"113","D18","BTP-eC11","16.6","0.86","25.8","0.722","c1c(c(cc2c1C(=C(C#N)C#N)/C(=C/c1sc3c(c1CCCCCCCCCCC)sc1c3n(c3c1c1c(c4c3n(c3c4sc4=C([C](Sc34)/C=C/3\C(=O)c4c(C3=C(C#N)C#N)cc(c(c4)Cl)Cl)CCCCCCCCCCC)C[C@@H](CC CCCC)CCCC)ns[n]1)C[C@H](CCCC)CCCCCC)/C2=O)Cl)Cl","CCCCCCC(CC1=CSC(C2=CC3=C(C4=C(C5=NSN=C53)C=C(S4)C6=CC(CC(CCCCCC)CCCC)=C(S6)C7=CC8=C(C9=C(C(C%10=CC(F)=C(N%10)CC(CCCC)CC)=C8S7)C=CS9)C%11=CC(F)=C(S%11)CC(CCCC)CC)S2)=C1)CCCC","http://dx.doi.org/10.1007/s11426-021-1128-1"
"114","PM6","Y11","15.65","0.84","24.62","0.733","CCc1sc(-c2c3cc(-c4ccc(-c5sc(-c6ccc(-c7cc8c(-c9cc(F)c(CC)s9)c9sc(-c%10ccc(-c%11sc(-c%12ccc(-c%13cc%14c(-c%15cc(F)c(CC)s%15)c%15sc(-c%16ccc(-c%17sc(-c%18cccs%18)c%18c%17C(=O)c%17c(CC)sc(CC)c%17C%18=O)s%16)cc%15c(-c%15cc(F)c(CC)s%15)c%14s%13)s%12)c%12c%11C(=O)c%11c(CC)sc(CC)c%11C%12=O)s%10)cc9c(-c9cc(F)c(CC)s9)c8s7)s6)c6c5C(=O)c5c(CC)sc(CC)c5C6=O)s4)sc3c(-c3cc(F)c(CC)s3)c3ccsc23)cc1F","FC1=C(CC(CCCC)CC)SC(C2=C(C=C(C3=CC=C(C4=C5C(C(C6=C(CC(CC)CCCC)SC(CC(CCCC)CC)=C6C5=O)=O)=C(C7=CC=C([H])S7)S4)S3)S8)C8=C(C9=CC(F)=C(CC(CCCC)CC)S9)C%10=C2SC([H])=C%10)=C1","http://dx.doi.org/10.1007/s11426-020-9747-9"
"115","PM6","Y18","16.37","0.84","24.91","0.764","CCc1c(/C=C2\C(=O)c3cc(F)c(F)cc3C2=C(C#N)C#N)sc2c1sc1c3c4nn(CC)nc4c4c5sc6c(CC)c(/C=C7\C(=O)c8cc(F)c(F)cc8C7=C(C#N)C#N)sc6c5n(CC)c4c3n(CC)c21","FC1=C(CC(CCCC)CC)SC(C2=C(C=C(C3=CC=C(C4=C5C(C(C6=C(CC(CC)CCCC)SC(CC(CCCC)CC)=C6C5=O)=O)=C(C7=CC=C([H])S7)S4)S3)S8)C8=C(C9=CC(F)=C(CC(CCCC)CC)S9)C%10=C2SC([H])=C%10)=C1","http://dx.doi.org/10.1007/s11426-020-9747-9"
"116","PM6","BTP-eC9","17.46","0.838","26.37","0.777","c1c(c(cc2c1C(=C(C#N)C#N)/C(=C/c1sc3c(c1CCCCCCCCC)sc1c3n(c3c1c1c(c4c3n(c3c4sc4c3s/c(=C\C3=C(c5c(C3=O)cc(c(c5)Cl)Cl)[C](C#N)C#N)/c4CCCCCCCCC)C[C@@H](CCCCCC)CCCC)ns[n]1)C[C@H](CCCC)CCCCCC)/C2=O)Cl)Cl","FC1=C(CC(CCCC)CC)SC(C2=C(C=C(C3=CC=C(C4=C5C(C(C6=C(CC(CC)CCCC)SC(CC(CCCC)CC)=C6C5=O)=O)=C(C7=CC=C([H])S7)S4)S3)S8)C8=C(C9=CC(F)=C(CC(CCCC)CC)S9)C%10=C2SC([H])=C%10)=C1","http://dx.doi.org/10.1002/adma.202101733"
"117","PM6","L8-B0-F","16.82","0.932","23.07","0.763","CCCCCCC(CCCC)Cc3c(C=c2c(=O)c1ccc(F)cc1c2=C(C#N)C#N)sc%11c3sc%12c%10c4nsnc4c9c8sc7c(CC(CCCC)CCCCCC)c(CC/6C(=O)c5cc(F)ccc5C6=C(C#N)\C#N)sc7c8n(CC(CC)CCC)c9c%10n(CC(CC)CCCC)c%11%12","FC1=C(CC(CCCC)CC)SC(C2=C(C=C(C3=CC=C(C4=C5C(C(C6=C(CC(CC)CCCC)SC(CC(CCCC)CC)=C6C5=O)=O)=C(C7=CC=C([H])S7)S4)S3)S8)C8=C(C9=CC(F)=C(CC(CCCC)CC)S9)C%10=C2SC([H])=C%10)=C1","http://dx.doi.org/10.1002/adma.202101733"
"118","PM6","BT-BO- L4F","16.17","0.83","27.62","0.705","CCCCCCC(CCCC)CN9/C4=C(SC5/C([C11])=C(C=c3c(=O)c2CC\1/C=C(F)\C(F)=C/C1=C/c2c3=C(C#N)C#N)\SC45)\C8c6nsnc6c7c(S)c(C)n(CC(CCCC)CCCCCC)c7C89.Cc4csc(C([C11])=c3c(=O)c2cc1cc(F)c(F)cc1cc2c3=C(C#N)C#N)c4.C","FC1=C(CC(CCCC)CC)SC(C2=C(C=C(C3=CC=C(C4=C5C(C(C6=C(CC(CC)CCCC)SC(CC(CCCC)CC)=C6C5=O)=O)=C(C7=CC=C([H])S7)S4)S3)S8)C8=C(C9=CC(F)=C(CC(CCCC)CC)S9)C%10=C2SC([H])=C%10)=C1","http://dx.doi.org/10.1002/aenm.202102172"
"119","PBDBT-2F","Y6","16.09","0.82","26.22","0.749","CCCCCCCCCCCC1=C(SC2=C1SC1=C2N(CC(CC)CCCC)C2=C1C1=NSN=C1C1=C2N(CC(CC)CCCC)C2=C1SC1=C2SC(C=C2C(=O)C3=CC(F)=C(F)C=C3C2=C(C#N)C#N)=C1CCCCCCCCCCC)C=C1C(=O)C2=CC(F)=C(F)C=C2C1=C(C#N)C#N","[H]C1=CC2=C(S1)C(C3=CC(F)=C(CC(CC)CCCC)S3)=C4C(SC(C5=CC=C(S5)C6=C7C(C(C8=C(CC(CC)CCCC)SC(CC(CC)CCCC)=C8C7=O)=O)=C(C9=CC=C([H])S9)S6)=C4)=C2C%10=CC(F)=C(CC(CC)CCCC)S%10","http://dx.doi.org/10.1021/acsami.0c09123"
"121","PM6","PY-T-y","16.1","0.929","24.1","0.719","CC(C)(C)c%13ccc%12c(=C(C#N)C#N)c(=Cc%11sc9c(sc%10c8c1nsnc1c7c6sc5c([C11])c(C=c4c(=O)c3cc(c2ccc(C(C)(C)C)s2)ccc3c4=C(C#N)C#N)sc5c6n(CC([C8])[C10])c7c8n(CC([C8])[C10])c9%10)c%11[C11])c(=O)c%12c%13","FC1=C(CC(CCCC)CC)SC(C2=C(C=C(C3=CC=C(C4=C5C(C(C6=C(CC(CC)CCCC)SC(CC(CCCC)CC)=C6C5=O)=O)=C(C7=CC=C([H])S7)S4)S3)S8)C8=C(C9=CC(F)=C(CC(CCCC)CC)S9)C%10=C2SC([H])=C%10)=C1","10.1002/adma.202200361"
"122","PTQ10","o-BTP-C6Ph","16","0.924","22.8","0.762","CCCCCCc1ccccc1c4c(C=c3c(=O)c2cc(F)c(F)cc2c3=C(C#N)C#N)sc%13c4sc%14c%12c5nsnc5c%11c%10sc9c(c6ccccc6CCCCCC)c(C=c8c(=O)c7cc(F)c(F)cc7c8=C(C#N)C#N)sc9c%10n(CC(CC)CCCC)c%11c%12n(CC(CC)CCCC)c%13%14","[H]C1=C(F)C(F)=C(C2=CC=C([H])S2)C3=C1N=C(OCC(CCCCCC)CCCCCCCC)C=N3","10.1039/d0ee03506h"
"123","PBNT-BDD","Y6-BO","16.1","0.87","25.4","0.71","CCCCCCCCCCCc3c(C=c2c(=O)c1cc(F)c(F)cc1c2=C(C#N)C#N)sc%11c3sc%12c%10c4nsnc4c9c8sc7c(CCCCCCCCCCC)c(C=c6c(=O)c5cc(F)c(F)cc5c6=C(C#N)C#N)sc7c8n(CC(CCCC)CCCCCC)c9c%10n(CC(CCCC)CCCCCC)c%11%12","CCCCCCCCC(CN1B(C2=C(C3=CC4=C(C5=C(B(N4CC(CCCCCCCC)CCCCCC)C6=CC=CC=C6)C=CS5)C=C31)SC(C7=CC=C(S7)C8=C9C(C%10=C(SC(CC(CCCC)CC)=C%10C(C9=C(S8)C%11=CC=CS%11)=O)CC(CCCC)CC)=O)=C2)C%12=CC=CC=C%12)CCCCCC","https://doi.org/10.1002/anie.202016265"
"124","PM6","Y-Bo-FBr","16.47","0.85","25.83","0.75","CCCCCCC(CCCC)Cn%12c4c3sc(C=c2c(=O)c1cc(Br)c(F)cc1c2=C(C#N)C#N)c([C11])c3sc4c%11c5nsnc5c%10c9sc8c([C11])c(C=c7c(=O)c6cc(Br)c(F)cc6c7=C(C#N)C#N)sc8c9n(CC(CCCC)CCCCCC)c%10c%11%12","FC1=C(CC(CCCC)CC)SC(C2=C(C=C(C3=CC=C(C4=C5C(C(C6=C(CC(CC)CCCC)SC(CC(CCCC)CC)=C6C5=O)=O)=C(C7=CC=C([H])S7)S4)S3)S8)C8=C(C9=CC(F)=C(CC(CCCC)CC)S9)C%10=C2SC([H])=C%10)=C1","10.1039/d1ee01832a"
